标题,标题链接,缩略图,room,来自经纪人,infor,listjjr,money
（本网推荐）免费看房！五马街，人民路，可直接领包入住！,https://wz.58.com/zufang/59541239533965x.shtml?compressed_params=H4sIAAAAAAAAA0XLOw6DMBBF0d24Hv95xSyAOguIRowViAQmMRbK7qFLc4sj3bYoW59o8MhwDjbGEIl8AJAom7n2VkZlnwB3JydCcNaaNsv2-nTZ-OyrvJeiUv94HzkOZFQOedT-nQqTEX0ev73wfgFQRL8jdQAAAA==,https://img.58cdn.com.cn/ui9/house/list/lazy_pic.png,1室                        25㎡,林日将,五马街105号小区,林日将,800元/月
(可月付短租)时代广场，火车站车站大道等多套精简装修房屋出租,https://wz.58.com/zufang/49820240880697x.shtml?compressed_params=H4sIAAAAAAAAA0XLMQ6DMAxA0dtkdowNzuADMPcAlYWjQiUIbYhQbw9b1__06-IagfuIgIyYIjOR9N2AIChdmEureXRFYkqU4m0kxCnU2bbXp9mmZ1vtvWS38o_3MbBAcDvsUdp3ygrB_Hn89qz7BVXeKvl1AAAA,https://img.58cdn.com.cn/ui9/house/list/lazy_pic.png,1室                        30㎡,庄迁伟,时代公寓,庄迁伟,1000元/月
（免费带看，登记）五马街精装公寓多套，商业街旁，性价比之选,https://wz.58.com/zufang/81934428813403x.shtml?compressed_params=H4sIAAAAAAAAA0XLMQ7CMAwAwN9kdhMntgc_gJkHIAtHbZFoCmmE-D1sXU-6vrpOqQAnIYlRppwxAyQUkQIUljZ6vbgmZqKCERGQBSD0xbb5NWzTz3jaY61u7cT_oMwQ3A67tvG-V4Vgfju-e9X9B3VpNQ51AAAA,https://img.58cdn.com.cn/ui9/house/list/lazy_pic.png,1室                        25㎡,"平安易居                            
                                                    
                                                                田洪运",打铁巷9号楼,田洪运,600元/月
（免费看房！）锦绣路多套好房，直接领包入住，急租直接领包电话,https://wz.58.com/zufang/82670934653402x.shtml?compressed_params=H4sIAAAAAAAAA0XLMQ7CMAxA0dtkdpy4sQcfgJkDIAtHtEg0hTSquD3dWL_e74trlFwiQWREiUSZKGWEnApimNvo9eKahBHSJCeYmIVDn219vIeteoyXPZfq1v7xPAoxBLfdrm187lUhmN_271Z1-wGYCRhzdQAAAA==,https://img.58cdn.com.cn/ui9/house/list/lazy_pic.png,1室                        35㎡,林日将,"蒲鞋市68,76弄小区",林日将,1000元/月
（免费看房！）欧洲城850到1500，全新多套出租，可直接住,https://wz.58.com/zufang/59542047800368x.shtml?compressed_params=H4sIAAAAAAAAA0XLuw3CMBAA0G1c-37xufAA1AyATpyVBIk44FiI7aFL-6TXVy8gSpKiAmIGERZgBJ6UJYWljV4vXmjKmTgyMSZA0tAX2-bXsK18xtMea3VrJ_5HEo3B7bBrG-97LTGY347vXsv-A9QziQ91AAAA,https://img.58cdn.com.cn/ui9/house/list/lazy_pic.png,1室                        25㎡,林日将,欧洲城(商住楼),林日将,850元/月
（免费看房！）五马街，马鞍池，附近多套出租，可直接领包入住！,https://wz.58.com/zufang/60386883437355x.shtml?compressed_params=H4sIAAAAAAAAA0XLMQ7CMAwAwN9kjl27dgc_gJkHIAtHbZFoCmmE-D1sXU-6toYB68CSFRAnYCYGQqBRiSUttbdyCRs0C4mOIJOgEKa2-Da_um_26U9_rCW8nvgfwppT-OHX2t_3Yjl53I7vXmz_AT2iI7F1AAAA,https://img.58cdn.com.cn/ui9/house/list/lazy_pic.png,1室                        35㎡,林日将,"马鞍池东路12,14号楼",林日将,1000元/月
（免费看房！）五马街，纱帽河，公寓多套出租，急租直接打我电话,https://wz.58.com/zufang/81958433480028x.shtml?compressed_params=H4sIAAAAAAAAA0XLMQ7CMAxA0dtkTmo7dgYfgJkDIAtHtEg0hTSquD3d-OOTfl9cE0sB4OmsJCJEwoITC2UJcxu9XlxBShTIggk4M-fQZ1sf72GrHuNlz6W6tT-eB5PE4LbbtY3PvWoM5rf9u1XdfnT-o151AAAA,https://pic7.58cdn.com.cn/anjuke_58/d99b5ecf9dc0d8c1ca02ae0bf2aa8742?w=240&h=180&ss=1&crop=1&cpos=middle&w=240&h=180&crop=1&t=1&srotate=1,1室                        25㎡,林日将,新街公寓,林日将,1000元/月
（免费看房！）五马街人民路大小南门附近精装多套单身公寓出租,https://wz.58.com/zufang/59538580564405x.shtml?compressed_params=H4sIAAAAAAAAA0XLMQrDMAxA0dt4th1LlgYdoHMPUERkmhQaJ3FM6O3TTp0-PPhtNgkYMhIDxsgBIEHyjIC_uKn2Vm4mAzIRI8ZMQyKOrk26PLeui5z9ra-5mNY_fo8M5J3poffa97GId2qP47MWWS8YvfeYdQAAAA==,https://img.58cdn.com.cn/ui9/house/list/lazy_pic.png,1室                        30㎡,林日将,开太大厦,林日将,1000元/月
(免费看房，）马鞍池，银泰世贸大厦，单身公寓出租，可直接拎包,https://wz.58.com/zufang/59544417131067x.shtml?compressed_params=H4sIAAAAAAAAA0XLMQ7CMAxA0dtkTho7tgcfgJkDIAtHtEg0hTSquD3d-OOTfl9cE7HkTNOZJEQABIGJGAuHuY1eL665iBTIFBkYSoqhz7Y-3sNWPcbLnkt1a388D0KOwW23axufe9UYzG_7d6u6_QCj_bo2dQAAAA==,https://pic8.58cdn.com.cn/anjuke_58/e8662c7f3daf18556472532eb59b59c2?w=240&h=180&ss=1&crop=1&cpos=middle&w=240&h=180&crop=1&t=1&srotate=1,1室                        30㎡,林日将,"马鞍池东路12,14号楼",林日将,800元/月
（免费看房，）五马街，可直接领包入住，急租直接打我电话,https://wz.58.com/zufang/81576642506205x.shtml?compressed_params=H4sIAAAAAAAAA0WLMQ6DMAwAf5OZEDt2Bj-AuQ-oLBwVKkFoQ4T6e7L1pFtOurqaeOIUAo2d5BEBEBKMxBjZLaXVPJkEBp8iYRd8DOTqovvr03SXq236XrNp-cd-EPLgTE99lPadswxO7Xn-jizHDTZjkEV1AAAA,https://pic5.58cdn.com.cn/anjuke_58/3613577ad40e6fd7afa8454d97c81972?w=240&h=180&ss=1&crop=1&cpos=middle&w=240&h=180&crop=1&t=1&srotate=1,1室                        25㎡,林日将,新街公寓,林日将,1000元/月
(免费看房，实拍）附二医旁边，多套好装修出租，急租请打我电话,https://wz.58.com/zufang/59541316330398x.shtml?compressed_params=H4sIAAAAAAAAA0WLSQ7CMAwAf5NzFjuxD34AZx6ALBzRItEU0qji9-TGaE4jTV9NQiFOqcQJB0QABIZYCDO5pY1eLyYpM0fI5LMP0-T6otvjPXSTc7z0uVbT9o_zKEjemR56beNzr-Kd2u347lX2HyDlQc51AAAA,https://pic2.58cdn.com.cn/anjuke_58/142e90cf0c9146157cc47ec26ab2170e?w=240&h=180&ss=1&crop=1&cpos=middle&w=240&h=180&crop=1&t=1&srotate=1,1室                        25㎡,林日将,湖萃湾,林日将,500元/月
奥林匹克广场工人文化宫（月付）附近多套房源出租 可短租月付,https://wz.58.com/zufang/83412876376795x.shtml?compressed_params=H4sIAAAAAAAAA0XLMQ7CMAwAwN9kdhw7Tgc_gJkHIAtHbZFoCmmE-D1sXU-6vrpGEpKSgBCnyEyMhaaMnIDD0kavF1cCEQDmhFE45Rz6Ytv8GrbpZzztsVa3duJ_CBcIbodd23jfq0Iwvx3fver-A2qYGAZ1AAAA,https://pic1.58cdn.com.cn/anjuke_58/e56937cbd7fdb86399caf75addfbc123?w=240&h=180&ss=1&crop=1&cpos=middle&w=240&h=180&crop=1&t=1&srotate=1,1室                        39㎡,陈春蕾,新园觉小区,陈春蕾,800元/月
百里路中心医院附近全新奶油风，家电齐全，可以月付，拎包入住,https://wz.58.com/zufang/59276042252828x.shtml?compressed_params=H4sIAAAAAAAAA0WLQQ6DIBAAf8MZtuwCh31Azz7AbLpEbVJRkRh_X3rqaZKZTF2UHblAMSEBJIfo0dtESD-YubSan8oPIuw1gHeUAIKps6zT3mTlq33kvWSV8pf9CBitUTllKO14ZbZGdDzvLfP2BbSL6qh1AAAA,https://img.58cdn.com.cn/ui9/house/list/lazy_pic.png,1室                        30㎡,"阿洪房产                            
                                                    
                                                                陆桂羽",百里安居小区,陆桂羽,900元/月
不用中介费，五马街附近，一室一卫一厨1000至1500可月付,https://wz.58.com/zufang/83296707951067x.shtml?compressed_params=H4sIAAAAAAAAA0XLMQ7CMAwAwN9kjuM4sQc_gJkHIAtHtEg0hTRC_B421pNurK4ATFUYJSUBopxrQqBIBTEsfY52cs2xJECSikWYCoex2HZ7Ttv0PR92X5tb_-NvVOIY3A479_m6No3B_HJ89qb7FxuAcRh1AAAA,https://img.58cdn.com.cn/ui9/house/list/lazy_pic.png,1室                        40㎡,郭翔,新街公寓,郭翔,1000元/月
蝉街商厦 1室1厅1卫 电梯房 配套齐全 精装修,https://wz.58.com/zufang/83404379635802x.shtml?compressed_params=H4sIAAAAAAAAA0XLMQ6DMAwAwN9ktkkc48EP6NwHVFYdFSqVACFC_T3dup50bXbFmGGMwjIMgkSJAGISkQwcptpbubkmYBJkSRIxI1Boky2vrduiZ__Yey5u9Y-_wTRCcDvsXvv-LArB_HF816LrBeDCCYJ1AAAA,https://img.58cdn.com.cn/ui9/house/list/lazy_pic.png,1室                        39㎡,"君勇房屋介绍所                            
                                                    
                                                                王素兰",蝉街商厦,王素兰,800元/月
房间宽敞明亮 诗和远方很贵，但找我房租不贵,https://wz.58.com/zufang/82630420037979x.shtml?compressed_params=H4sIAAAAAAAAA0XLMQ7CMAwAwN9ktuO6dgY_gJkHIAtHtEg0hTRC_B421pOur2GIylKUSs4FmadJMiEDz0RpaaPXUxgVmZURM0gBJk198e32HL7Zezz8vtbw9sffEFZI4Yef23hdq0HyuByfvdr-BfcCBs51AAAA,https://img.58cdn.com.cn/ui9/house/list/lazy_pic.png,1室                        30㎡,"扬舲公寓房产                            
                                                    
                                                                田健",小南路82号楼,田健,960元/月
附二医精装修700至1500多套，可以月付，拎包入住,https://wz.58.com/zufang/83381027874525x.shtml?compressed_params=H4sIAAAAAAAAA0XLMQ7CMAwAwN9kdpy4tgc_gJkHIItEbZFoCmmE-D1sXU-6vhaLaQJJyoqokSgTQMqqOgGHpY1eL8UyMCqKYhKKLBL64tv8Gr7ZZzz9sdbi7cT_YBIIxQ-_tvG-V4Pg5XZ892r7DxVBpkJ1AAAA,https://img.58cdn.com.cn/ui9/house/list/lazy_pic.png,1室                        30㎡,林格选,"蒲鞋市68,76弄小区",林格选,880元/月
公寓直签不收中介费，实价实租，有电梯和停车场，采光好。,https://wz.58.com/zufang/82640792199386x.shtml?compressed_params=H4sIAAAAAAAAA0XLTQoCMQxA4dt03TSNaRY5gGsPIMGU-QGno50i3t7ZuXrwweuLK0AhloKSkgBRzpwQKNIFMcxt9Hp1ReECXJg401kJfbZteg3b9DOeti7Vrf3xPJhKDG6H3dp4P6rGYH4_vnvV_Qf6viFrdQAAAA==,https://img.58cdn.com.cn/ui9/house/list/lazy_pic.png,1室                        25㎡,"扬舲公寓房产                            
                                                    
                                                                谢欧阳",小南路82号楼,谢欧阳,899元/月
公寓直签不收中介费，实价实租，有电梯和停车场，采光好。,https://wz.58.com/zufang/82640958002395x.shtml?compressed_params=H4sIAAAAAAAAA0XLPQ6DMAxA4dtkdv6IPfgAzD1AZdVRAQkChAhx-2br-j29OitbPwB6SuQc2RhDBPCBiAZIZiqt5lG5Z7TdEJzzAdHUSbbv0WTju62yzFml_LEfKSIYlUtepZ2fzGBE39ezZ95_V7N9WXUAAAA=,https://img.58cdn.com.cn/ui9/house/list/lazy_pic.png,1室                        25㎡,"扬舲公寓房产                            
                                                    
                                                                谢欧阳",小南路82号楼,谢欧阳,999元/月
公寓直签不收中介费，实价实租，有电梯和停车场，采光好。,https://wz.58.com/zufang/82640881520605x.shtml?compressed_params=H4sIAAAAAAAAA0WLSQ6DMAwAf5Ozs5jEBz-Acx9QWXVUQIIAIUL8vrlVmtOMps7K1g-QPEVyjixiQAAfiGiAaKbSah6Ve06WoINoIThTJ9m-R5ON77bKMmeV8pf9iJjAqFzyKu38ZAYj-r6ePfP-A6X8ylh1AAAA,https://img.58cdn.com.cn/ui9/house/list/lazy_pic.png,1室                        25㎡,"扬舲公寓房产                            
                                                    
                                                                谢欧阳",小南路82号楼,谢欧阳,999元/月
公寓直签不收中介费，实价实租，有电梯和停车场，采光好。,https://wz.58.com/zufang/82640928253274x.shtml?compressed_params=H4sIAAAAAAAAA0XLMQ6DMAxA0dtkjoONncEH6NwDVFYdFZBKaEOEuH3Zun6932ZXIBmIo0BKGYiQABPgKEgcptpbubkOmQXyCJzwwsKhTba-Pt1WPfrblrm41X-8DiaJwW23e-3fZ9EYzB_7uRXdfhQ2Avh1AAAA,https://img.58cdn.com.cn/ui9/house/list/lazy_pic.png,1室                        25㎡,"扬舲公寓房产                            
                                                    
                                                                谢欧阳",小南路82号楼,谢欧阳,999元/月
公寓直签不收中介费，实价实租，有电梯和停车场，采光好。,https://wz.58.com/zufang/82640897712346x.shtml?compressed_params=H4sIAAAAAAAAA0XLQQ7CIBBG4duwhp-ZAos5gGsPYCYOsTWxVClpvL3duX1fXl9MAiVKOXoCSmAmRqYygaNnN7fR68UklpRDAaaIUwHXZ10f76GrHOOlz6Watn88j8TZO9Ndr2187lW8U7vt363K9gM498k-dQAAAA==,https://img.58cdn.com.cn/ui9/house/list/lazy_pic.png,1室                        25㎡,"扬舲公寓房产                            
                                                    
                                                                谢欧阳",小南路82号楼,谢欧阳,999元/月
公寓直签不收中介费，实价实租，有电梯和停车场，采光好。,https://wz.58.com/zufang/82640980198491x.shtml?compressed_params=H4sIAAAAAAAAA0XLMQ7CMAwAwN9kth27cQY_gJkHIItEbZFoCmmE-D1sXU-6vhZDTpw0AhNlFGEh5TyRRJCwtNHrpVjMSQlICVF1Qgp98W1-Dd_sM57-WGvxduJ_JFEIxQ-_tvG-V4Pg5XZ892r7D0BNeNZ1AAAA,https://img.58cdn.com.cn/ui9/house/list/lazy_pic.png,1室                        25㎡,"扬舲公寓房产                            
                                                    
                                                                谢欧阳",小南路82号楼,谢欧阳,999元/月
公寓直签不收中介费，实价实租，有电梯和停车场，采光好。,https://wz.58.com/zufang/82640946417882x.shtml?compressed_params=H4sIAAAAAAAAA0XLTQrCMBBA4dtknaSZv8UcwLUHkMEJtoJNNQ3F26srVw8-eH1xTZgIWQBzlgRQoERBwF_C3EavJ9dJiJNwEYKJYubQZ1tvz2GrHuNh96W6tT9-DwKOwW23cxuva9UYzC_7e6u6fQAU_pm_dQAAAA==,https://pic2.58cdn.com.cn/anjuke_58/c507d7dcfb36a2c026486ab8c66216e1?w=240&h=180&ss=1&crop=1&cpos=middle&w=240&h=180&crop=1&t=1&srotate=1,1室                        25㎡,"扬舲公寓房产                            
                                                    
                                                                谢欧阳",小南路82号楼,谢欧阳,799元/月
公园路136弄小区 1室1厅1卫,https://wz.58.com/zufang/46263724728353x.shtml?compressed_params=H4sIAAAAAAAAA0WLOQ6AIBAAf0PN4Qpb8ABrH2A2QgQTRcWN8ffSWU0ymak5eKUcWHQGtUYF0HVWGwUSemNEKlzj0BpEtE062aB7EDXRvpxMu394ozXHQOWX7bDgpAh001j4mqOXgsJ0v0f0xwdcHxczdQAAAA==,https://pic8.58cdn.com.cn/house/image/publish/house/image/publish/n_v357dd6ae2a9fe47c384eaab48313fdfd3.jpg?w=240&h=180&ss=1&crop=1&cpos=middle&t=1&srotate=1,1室                        43.01㎡,,公园路136弄小区,,850元/月
鼓楼街小区 1室0厅1卫,https://wz.58.com/zufang/43927005440013x.shtml?compressed_params=H4sIAAAAAAAAA0XLMQ7DIAxA0dsw2xjHeOAAnXuAyiqoSaSGtARFuX3Zuj7935acECOLRlLvFZlDEE_IwBORm2tv5TYaAZgGImpQFnJttu316bals79tXUq2-sdxCEdw2Q671_59lgTO8uO49pL2H6_jldx1AAAA,https://pic3.58cdn.com.cn/house/image/publish/house/image/publish/n_v363f2f3be527040dca680e03868c90eb2.jpg?w=240&h=180&ss=1&crop=1&cpos=middle&t=1&srotate=1,1室                        23㎡,,鼓楼街小区,,660元/月
广化桥精装电梯房900至1500可以月付，家电齐全，拎包入住,https://wz.58.com/zufang/59066052404497x.shtml?compressed_params=H4sIAAAAAAAAA0XLuw3CMBAA0G1c3zd2ihuAmgHQibNIkIgDjoXYHjraJ72-hqFkyYVBiGZUFaUi80TKoGlpo9dTGE9cBBmIMwojp774dnsO3-w9Hn5fa3j7429kLZDCDz-38bpWg-RxOT57tf0LVUZaSHUAAAA=,https://img.58cdn.com.cn/ui9/house/list/lazy_pic.png,1室                        30㎡,"阿洪房产                            
                                                    
                                                                陆桂羽",西城路87号院,陆桂羽,900元/月
广化桥精装修电梯房800至1800可月付，家电齐全拎包入住！,https://wz.58.com/zufang/57383622391068x.shtml?compressed_params=H4sIAAAAAAAAA0XLMQ7CMAwAwN9kduLYiQc_gJkHIAtHtEg0hTRC_B421pNurK4RGSpKkZQkEmUCwCwiDCUsfY52csWcEDhKjYWJM4Sx2HZ7Ttv0PR92X5tb_-NvFKoQ3A479_m6NoVgfjk-e9P9CzE1p9R1AAAA,https://img.58cdn.com.cn/ui9/house/list/lazy_pic.png,1室                        30㎡,陈宗方,西城路87号院,陈宗方,900元/月
好房推荐 欧洲城900至1500一室一卫一厨家电齐全提包入住,https://wz.58.com/zufang/59353885463339x.shtml?compressed_params=H4sIAAAAAAAAA0XLMQ6DMAxA0dtkThwbh8EH6NwDVBaOCkglQIgQt4et63_6dTIJPXIgHxJAH4iQKCJ4jAzgxtJqfpnEjgmIuscYEyZXR12-W9NFzvbTecqm5R-fgyl5Z3rou7R9yOKd2ue41izrDQ3Eg9l1AAAA,https://img.58cdn.com.cn/ui9/house/list/lazy_pic.png,1室                        25㎡,"阿洪房产                            
                                                    
                                                                王维洪",欧洲城(商住楼),王维洪,850元/月
环城东路58-62号小区 1室1厅1卫,https://wz.58.com/zufang/83394781022173x.shtml?compressed_params=H4sIAAAAAAAAA0XLMQ7CMAwAwN9kTuI4tgc_gJkHIAtHtEg0hTRC_B421pNurK4pMZIwSM6SEEuhDAkjVoCw9DnaybVEKpUFciURJg5jse32nLbpez7svja3_sffIOQY3A479_m6No3B_HJ89qb7Fy2ENrh1AAAA,https://pic8.58cdn.com.cn/house/image/publish/house/image/publish/n_v3ed62ebca1b584d36b5559f6252476dea.jpg?w=240&h=180&ss=1&crop=1&cpos=middle&t=1&srotate=1,1室                        30㎡,,环城东路58-62号小区,,1000元/月
急租 可短租月付家电齐全拎包入住解放军906医院温州中心医院,https://wz.58.com/zufang/83404445346397x.shtml?compressed_params=H4sIAAAAAAAAA0XLMQ6DMAwAwN9kdpw4MYMfwNwHVFYdAZUgtCFC_T3dWE-6tph4oOQRkBAHTxQjp5ARGDm4ufZWRpMImQZMIQEyeY6uzbpNn66bnH3V91JM643_kYnBmR76qP37KgJO7Xn89iL7Bd5Hxnp1AAAA,https://img.58cdn.com.cn/ui9/house/list/lazy_pic.png,1室                        39㎡,"君勇房屋介绍所                            
                                                    
                                                                王素兰",招贤小区,王素兰,800元/月
急租 温州交通技术学校（可短租可月付,https://wz.58.com/zufang/83413560916061x.shtml?compressed_params=H4sIAAAAAAAAA0XLOw7CMAwA0NtkdmIbJ4MPwMwBkIWjfiSaQhpV3B421ie9vrhGEpKMQCmVyEycMpVLYgQOcxu9Xl0JRKBgZIyZRDD02bbpNWzTczxtXapb--NvCGcIbofd2ng_qkIwvx-fver-Bdc8i6d1AAAA,https://img.58cdn.com.cn/ui9/house/list/lazy_pic.png,1室                        39㎡,段俊权,瓯海宿舍,段俊权,800元/月
急租 五马步行街温州人民医院（可短租可月付,https://wz.58.com/zufang/83360347448026x.shtml?compressed_params=H4sIAAAAAAAAA11SXY-jOBD8N3ljB4cP44folFmYcQQBkyM4zEsEmIFA7GQgkCG__jp7uzrpLGGjVldXdXUPJ7FC2CGGgZdwCLIs07RMYi6xY9nOormMQ7URK1PH-tJBzpIsCYakxdDkqv4ac7W6jzJvT5XIL_8FAYEtR1-I_Jb_fRn7slotFzfgsgpriS0hNEJsopnCdrRiaVra0jAtHZuFVSBjkYvjbb5Wq_Z7ca5qgJ9XLy_Pv_J8KrsflvOjvMiXdpTXv255X1e31fD4Cg6vhujziO-n7POw3TVyjrYDIkgh2SnkBaz1DNWW0yGP0PXjnu4TXAxURWNTZqyRwUDdibUkZWtWqEcWqWm0h1kaitqvI8f2yCVinhsryOvbwmCogHzAtq6fUK9jKHn0rWsoXjx6qseMhj7EOpW4gWqTLqHuEbC-QqobWrhPXcAoecZBG-ikOgJ9geKQQxP_XqiUUb49Xqp3UhZp6Ko0ep-z6Hz4Pl-v8_m6Fsmznoft_Tr-HtfQc707bvAX33y83dQpbsYZZ5v6TaunN1ufdt9yjo_1dNfGBov9x_2mPDeFD_iKB6Ne3FOZMRSCXikUcg2WuFNSs59X-jMe1u_vMtxoPQ87hW_x7558NZcdmyCGwnSk4YPlWaYmpg0zbhiSKZtlLPn4yiaJRloagIkUDzPgBP_0idEEuEkE8_mfDgk-luCRixgBnlMX_9KaGzADMoFHButcf4BY4uH26uJ2LzZbFUZ-GEgyZFrm1Zs0zPDWopnPeOIoWjqwD04P_sIsHrAXwCtF3xIBmsDPxP8zp0OQPecAfal_X152qnOF5NAj2hVjnkWgMxrovWCcpJLDLpyyZ02hWj2TfPeqqPJ_1fRc8Aoq5R3so3sEjw3YiziZI7Ffd74Ej0YeBgzZXDXuQ6J7Icmirz6r_qQ-Lyv0D3HWd7SpAwAA,https://pic3.58cdn.com.cn/anjuke_58/10f50cb9396fbd69ef9e79dea9335c67?w=240&h=180&ss=1&crop=1&cpos=middle&w=240&h=180&crop=1&t=1&srotate=1,1室                        39㎡,段俊权,金达商厦,段俊权,1000元/月
急租 五马步行街温州人民医院（可短租可月付,https://wz.58.com/zufang/83360347448026x.shtml?compressed_params=H4sIAAAAAAAAA11STXOjOBD9N74xkcAYOLim4kBGWYgtstgKc3EB8gAidGxkEcOv3_ZObW3tHvjobr3u1-9Jt3JNibuiNrFd2w6o6y6X_srxbOLbvrNoPo0-vcj1knjE9qlvB3bg4aGFbgqoL6aA9ZfpC9WeZPH5bxIRnuuThSyuxZ-fZqhOa3txxVlueSJLm1ArcCS1lnLlWoFXUst3XbsqiC-pIxeFPF6n82mtbouPU43wj_XDw_2v-mir7pvrf6s--wdl-vP3azHUp-taz5fkfePIodiJ_Zj_en99a_pp96ppQIH2HdAo4SpyQFXje7Gj559fh33mlZoFXc-2qWF8o6fe6Sc4cEXyvs13RgRUT9vciCyHMZp7QVIIwhRYOA6qdDgtR66qnKswzljUcZrNgwodEOU8MJJyto0x10EWJqCyLmPhEbExUOi0wnfbJRznYx65IU9GKIh-5BRiCLzHaJZRNCevP3bLZqOXpa9_WZvn29PTWfx42teNtWdYu8YQhTSbvOPeu5RmMquXKc3rkefktUv1o7H6-kuS5u1m6lVXj_89d0Pumt35hzsQ2xzYfScikffIGaSDimKOhp8fyw9o0z_Ok_fTsCcJKr4B-3u3NGMlHRQ4BrXSjIy8qQ78sUpMKzdGWI2eIDUTb4apT7A2myhMB1ZJ1G3HBfoith3OdgYW5f_jMd615HSboofxP_plLPPvHoAIUWeM2zzOojCOxhU-l9pQb4je-FgVl-eX0Ev2bzw2NL9krO80YrSAUYvyrnsKAnKci7sGDr9zisIOe6Va4V71ATFhB-jV72-Ie5OYT88WqGjG-DAwXkKb50b1UrMy6QXm1FZCw1egViVgPfvdM0at8C5mR3Qe-xM5qAy983z04ZhNXw3QZzGw-x2sZhAYN_AXSMo9JZ4DAAA=,https://img.58cdn.com.cn/ui9/house/list/lazy_pic.png,1室                        39㎡,段俊权,金达商厦,段俊权,1000元/月
急租 五马步行街温州人民医院（可短租可月付,https://wz.58.com/zufang/83413771687259x.shtml?compressed_params=H4sIAAAAAAAAA0XLMQ6DMAxA0dtktp2YmMEH6NwDVFYdFZBKaEOEuH3Zun6932ZXBB6QgJhoROaUZIiZQEhimGpv5eaaIOfLYEQRHEVCm2x9fbqtevS3LXNxq_94HZkFgttu99q_z6IQzB_7uRXdfpKFkFR1AAAA,https://img.58cdn.com.cn/ui9/house/list/lazy_pic.png,1室                        39㎡,段俊权,金达商厦,段俊权,800元/月
急租！奥林匹克广场工人文化馆,https://wz.58.com/zufang/83413777705562x.shtml?compressed_params=H4sIAAAAAAAAA0XLPQ6DMAxA4dtkdpwf48EHYO4BKgtHhUoQ2hCh3h62bk-f9Npi4kOGITAxIvuUYgIIkZkzkJtrb2U0iUDkERgQs7_TtVm316frJmdf9b0U0_rH-6A0gDM99FH7dyoCTu15_PYi-wWd7rwCdQAAAA==,https://img.58cdn.com.cn/ui9/house/list/lazy_pic.png,1室                        39㎡,段俊权,新园觉小区,段俊权,800元/月
急租！解放军906医院欧洲城新天地（可短租可月付）,https://wz.58.com/zufang/83413729539037x.shtml?compressed_params=H4sIAAAAAAAAA0XLMQ6DMAxA0dtkjoONk8EH6NwDVBaOCkglQIgQt4et69f7dTIBih2xjxBCAiIkwADYRyR2Y2k1v0zQMwMgd30Kj02ujrp8t6aLnO2n85RNyz8-B1P0zvTQd2n7kMU7tc9xrVnWG_LFvjl1AAAA,https://img.58cdn.com.cn/ui9/house/list/lazy_pic.png,1室                        39㎡,段俊权,招贤小区,段俊权,800元/月
急租！温州医学院附属第1医院（可短租可月付）,https://wz.58.com/zufang/83413470639709x.shtml?compressed_params=H4sIAAAAAAAAA0WLMQ6DMAwAf5PZiWI7GfwA5j4AWXVUqAShhKjq7wsT00mnuzabePJMKSOFkD1ixAiZkC64qfZWBpMIzJA8Zk5nFNi1SdfXp-sq377oey6m9ZbnwZjAmR76qH1_FgGnNh6_rcj2B5nvMU11AAAA,https://img.58cdn.com.cn/ui9/house/list/lazy_pic.png,1室                        39㎡,段俊权,新街公寓,段俊权,800元/月
急租！银泰百货温州世贸中心   可短租可月付,https://wz.58.com/zufang/83413482680922x.shtml?compressed_params=H4sIAAAAAAAAA0XLMQ6DMAxA0dtkthO7DoMP0LkHqCwcFSpBaEOEuH3Zun6932ZX5JxYIGOMAzITI0WkWyaWMNXeyt2VQC6RMA0IJJJCm2x9fbqtevTF3nNxq_94HcIZgttuj9q_Y1EI5s_93IpuP384F8V1AAAA,https://img.58cdn.com.cn/ui9/house/list/lazy_pic.png,1室                        39㎡,段俊权,马鞍池社区,段俊权,800元/月
急租时代广场，车站大道，财富中心，恒隆广场附近精装修单身公寓,https://wz.58.com/zufang/83416258955355x.shtml?compressed_params=H4sIAAAAAAAAA0XLMQ7CMAwAwN9kth27Tgc_gJkHIAtHtEg0hTRC_B421pOur2E4s6IAFqIZRVgkMwFnJUpLG72ewhhUORcBIuRpktQX327P4Zu9x8Pvaw1vf_wNlQIp_PBzG69rNUgel-OzV9u_sma94XUAAAA=,https://img.58cdn.com.cn/ui9/house/list/lazy_pic.png,1室                        40㎡,"亿旺房产                            
                                                    
                                                                王文静",时代公寓,王文静,1000元/月
江滨路，工会，珠冠大厦附近多套价格1000起多套，可短租！！,https://wz.58.com/zufang/54269714745132x.shtml?compressed_params=H4sIAAAAAAAAA0XLMQ7CMAwAwN9kdhy7cQY_gJkHIAtHbZFoCmmE-D1sXU-6vrpGypQlASGWyEyMQmVCTsBhaaPXi2sCJJIokKaMLCX0xbb5NWzTz3jaY61u7cT_yCwQ3A67tvG-V4Vgfju-e9X9B9QOIUB1AAAA,https://img.58cdn.com.cn/ui9/house/list/lazy_pic.png,1室                        28㎡,"阿洪房产                            
                                                    
                                                                王维洪",珠冠巷小区,王维洪,1000元/月
教场新路7弄1-4号院 1室1厅1卫,https://wz.58.com/zufang/47276948997912x.shtml?compressed_params=H4sIAAAAAAAAA0XLOw7CMAwA0Ntkjp0YO4MPwMwBkIWjfiSaQhpV3B421ie9vrgCCHGRVBALEOXMmIAiXVIKcxu9Xl0RsOTILExEkjn02bbpNWzTczxtXapb--NvMEkMbofd2ng_qsZgfj8-e9X9CzrkioF1AAAA,https://pic1.58cdn.com.cn/dwater/fang/small/n_v2d6139dea5dcb42cdafbc9ced00821060.jpg?w=240&h=180&ss=1&crop=1&cpos=middle&t=1&srotate=1,1室                        153㎡,,教场新路7弄1-4号院,,500元/月
解放街后巷小区 1室1厅1卫,https://wz.58.com/zufang/59565538933690x.shtml?compressed_params=H4sIAAAAAAAAA0XLPQ7CMAxA4dtkju2YxIMPwMwBkIWj_kg0hTRC3J5urO_T64srQOEshQRRgDmljAQc-UIU5jZ6vbpSjkgniBARYAp9tm16Ddv0M562LtWt_eN5ZC4xuB12a-P9qBqD-f347lX3H9YZLlR1AAAA,https://pic7.58cdn.com.cn/house/image/publish/house/image/publish/n_v388c91a7cbb744b3ba22c6ba09af94194.jpg?w=240&h=180&ss=1&crop=1&cpos=middle&t=1&srotate=1,1室                        45㎡,,解放街后巷小区,,748元/月
解放军906医院温州中心医院 月付可短租家电全拎包入住,https://wz.58.com/zufang/83064435207515x.shtml?compressed_params=H4sIAAAAAAAAA0XLMQ6DMAwAwN9kto1NwuAHMPcBlVVHQCUIEKKqv2831pOuLq4oqZMICYkGFGFBJuQ-scQwl1bz6MrQEYNATzwgMoY62zYdzTb9tNXeS3YrN_5HlATB7bJHaecrKwTz5_Xds-4_mJrkOnUAAAA=,https://img.58cdn.com.cn/ui9/house/list/lazy_pic.png,1室                        39㎡,蒋明星,招贤小区,蒋明星,800元/月
解放军906医院温州中心医院（月付）附近多套房源出租 可短租,https://wz.58.com/zufang/83412957979229x.shtml?compressed_params=H4sIAAAAAAAAA0XLMQ7CMAwAwN9ktlMbO4MfwMwDkIUjWiSaQhpV_B421pOuL2HIOrGAYs4FmYmRMtJJiSXNbfR6DiMQAeQiknnSIqnPvt5fw1c7xtMfSw1vf_wNYYUUvvuljfetGiSP6_7Zqm1fnBiB5XUAAAA=,https://img.58cdn.com.cn/ui9/house/list/lazy_pic.png,1室                        39㎡,陈春蕾,招贤小区,陈春蕾,800元/月
金达商厦 1室1厅1卫 电梯房 配套齐全 精装修,https://wz.58.com/zufang/83404401538781x.shtml?compressed_params=H4sIAAAAAAAAA0XLMQ7CMAxA0dtkjl0bu4MPwMwBkIUj2ko0hTSquD3dWP7wpN_mMGAdWLIC4gjMxEAIdFFiSVPtrVzDKAuPeAZVhEVTm3x9vruvdvSXL3MJr388D2HNKXz3W-2fR7GcPO77dyu2_QAV7yctdQAAAA==,https://img.58cdn.com.cn/ui9/house/list/lazy_pic.png,1室                        39㎡,"君勇房屋介绍所                            
                                                    
                                                                王素兰",金达商厦,王素兰,800元/月
精致公寓，独门独户，干净整洁，独厨独卫，划算，拎包入住,https://wz.58.com/zufang/59176670943750x.shtml?compressed_params=H4sIAAAAAAAAA0XLMQ7DIAxA0dswg8HYDD5A5x6gsmrUJFJDWoKi3L7Z-scn_T6bBOISI8FVCYgpYSoJiDGzm9ro9WYSMwIShJIZwEN2fdL19Rm6yjHeuszVtP3xOgjZO9Nd7218n1W8U3vs51Zl-wF-2ys9dQAAAA==,https://pic2.58cdn.com.cn/anjuke_58/d92b302deac47b358333de4ff2d381ba?w=240&h=180&ss=1&crop=1&cpos=middle&w=240&h=180&crop=1&t=1&srotate=1,1室                        25㎡,"扬舲公寓房产                            
                                                    
                                                                李天",胜利商厦(商住楼),李天,899元/月
精致公寓，独门独户，干净整洁，独厨独卫，划算，拎包入住,https://wz.58.com/zufang/55747928266264x.shtml?compressed_params=H4sIAAAAAAAAA0XLMQ7DIAxA0dswY2yDGThA5x6gsmrUJFJDWoKi3L7Z-scn_T5bgSQZMYWrDMxETJlCEo7ipjZ6vVnBABgzApKXCMSuT7q-PkPXcoy3LnM1bX-8jsTinemu9za-z1q8U3vs51bL9gNDv56PdQAAAA==,https://pic4.58cdn.com.cn/anjuke_58/c1207922fee9cdcc8a723dfd31b7c67a?w=240&h=180&ss=1&crop=1&cpos=middle&w=240&h=180&crop=1&t=1&srotate=1,1室                        20㎡,"扬舲公寓房产                            
                                                    
                                                                李天",胜利商厦(商住楼),李天,999元/月
精致公寓，独门独户，干净整洁，独厨独卫，划算，拎包入住,https://wz.58.com/zufang/59176670943750x.shtml?compressed_params=H4sIAAAAAAAAA2VSTXObMBD9N77RIAgfOng6oSKjFGIElo3JxQPCMYZIsSULB3595fbQmfagkWb37e7b96RO7RK4vh26MICOA4HnPXq27T5CCH07WHSfWh1e2qXre44XOAD6oePYjr9QXS2OF12L5U3zuj8d2vrzb9BUBF5oL9r6Wq8_tWSHpbO4mllh4xyaAL5bbvgYWo-sfbdgC5nleU1Qu2HtOn6wqNv9dToflv3X4uNwNOUfy4eH-4t9nNjwzQu_sU_-0Gt-_n6t5fFwXar5ku4it5V1Vm7G6n33WnR8yl4VWGUC2yMp7UHiGBCwGnZ1Bs5vt-2GBo3Czw3vuEtGnqopiARgW9KjUUetz0vmKhxXum9cUsKUgFtEKHJlv2oFoEDgeCCAj5KiRADeinKVihJlBjuLks4EolT0dKDYHsydiNOQixgBU7sXQOSqt1t5j2O7kr3IickQwDIB0UxXuldF0qvd7vV1fWbv65MbridmrSP_p-z87e5cbKXJDSinOE74lO-P483SXdBu3m5fPL3NXz3a667wX96KWReXiB-JdRyD_Sa4NHrS_suUVwaTKIwSilEmSjuXPRpk39z5GC5xKzFLCAzA-an5EKf853kK3jT-0Yo--RKYDoLe5xeWmHRJulWuJpRLjIyGdORRZXRLfIWLRk6FxUFh9E0sGd8xLBUY5qKHGcGrymhmZq3mf3gYncUoejsTwL5z3IvfXGlotDccG4NhCT1VCY1REo--OZejBoGMCzKy-vL8goJ0U5BEg-pCMR9UiWZVilGVjfEF5aIUlfkXI8HQJZi1JEaD6WW8MXsdt6YGGe-MY79vZPa2E_nEZj2xVE58KwCsZF1VfLx1CltmT7EluIjIiIB8Ml6XPKV_eiZGq_-9j4PQ-LCn-DkiTyZTrjKOnzuBLaNX8wttLMzlngMAAA==,https://img.58cdn.com.cn/ui9/house/list/lazy_pic.png,1室                        25㎡,"扬舲公寓房产                            
                                                    
                                                                李天",胜利商厦(商住楼),李天,899元/月
精致公寓，温馨舒适，家具齐全，实景实拍，交通便捷,https://wz.58.com/zufang/59794751752492x.shtml?compressed_params=H4sIAAAAAAAAA0XLQQ6DIBBA0duwZpQZYDEH6NoDmEmHVJtUUCBNb19dufrJS35dlYHAU4hIwxAB0aGzkZCumCX3mh7Kox-BwmXgAD2Yusj22rts_O0fea9JJd94Hh6DNSpNptyPZ2JrROf2K4nLHwDQ6Ot1AAAA,https://img.58cdn.com.cn/ui9/house/list/lazy_pic.png,1室                        20㎡,"扬舲公寓房产                            
                                                    
                                                                李天",胜利商厦(商住楼),李天,999元/月
精装公寓，家电齐全，温馨舒适，安全性高，位置优越，诚心出租,https://wz.58.com/zufang/59973339922728x.shtml?compressed_params=H4sIAAAAAAAAA0XLPQ6DMAxA4dtkJj-OncEHYO4BKquOCkgQIESI2zdb3_hJr87KFil5j66XLEAIEFJwSBDJTKXVPCp7hM5ADiJ4jNbUSbbv0WTju62yzFml_LEfCDQYlUtepZ2fzIMRfV_Pnnn_AW1ZVp11AAAA,https://pic6.58cdn.com.cn/anjuke_58/d98275774e00544318cb9dfbb924342b?w=240&h=180&ss=1&crop=1&cpos=middle&w=240&h=180&crop=1&t=1&srotate=1,1室                        15㎡,"扬舲公寓房产                            
                                                    
                                                                李天",华府大楼(商业),李天,999元/月
精装公寓，温馨舒适，家具齐全，实景实拍，交通便捷，性价比高,https://wz.58.com/zufang/51513658552977x.shtml?compressed_params=H4sIAAAAAAAAA0XLMQ7CMAxA0dtktlM7TgYfgJkDIAtHtEg0hTSquD3d-OOTfl9cUXKZJolnBZmJmApFyZxymNvo9eIak6BASggCTBhDn219vIeteoyXPZfq1v54HsIZgttu1zY-96oQzG_7d6u6_QBotnDidQAAAA==,https://pic7.58cdn.com.cn/anjuke_58/d29412df95b0d223404b634791cd50ad?w=240&h=180&ss=1&crop=1&cpos=middle&w=240&h=180&crop=1&t=1&srotate=1,1室                        40㎡,"扬舲公寓房产                            
                                                    
                                                                李天",胜利商厦(商住楼),李天,999元/月
精装公寓，温馨舒适，家具齐全，实景实拍，交通便捷，性价比高,https://wz.58.com/zufang/55006192118169x.shtml?compressed_params=H4sIAAAAAAAAA0XLuQ3DMAxA0W1U6yBDquAAqTNAQJiCDyCWbVkwsn3c5ZcP-G02CcQ5JYp3OSACIGSIxPhgN9XeytMkhcCEPntKkYDZtUnXce-6ytU_uszFtP7xPgjZO9NTX7UfQxHv1N7ndyuy_QDlFhFIdQAAAA==,https://pic5.58cdn.com.cn/anjuke_58/1fa2fea4159035f2af1c4c9f800f0893?w=240&h=180&ss=1&crop=1&cpos=middle&w=240&h=180&crop=1&t=1&srotate=1,1室                        25㎡,"扬舲公寓房产                            
                                                    
                                                                李天",胜利商厦(商住楼),李天,999元/月
精装公寓，无中介，安全性高，租房必看，划算,https://wz.58.com/zufang/59221036181290x.shtml?compressed_params=H4sIAAAAAAAAA0XLMQ7CMAxA0dtkThM7tgcfgJkDIAtHtEg0hTSquD3d-OOTfl9cJ2LJmdKZTIgACAKJGAuHuY1eL665ICeMAkWISEros62P97BVj_Gy51Ld2h_Pg5BjcNvt2sbnXjUG89v-3apuP537OGZ1AAAA,https://pic6.58cdn.com.cn/anjuke_58/f3a3ba9f2395c44daccb6cf28a39a758?w=240&h=180&ss=1&crop=1&cpos=middle&w=240&h=180&crop=1&t=1&srotate=1,1室                        20㎡,"扬舲公寓房产                            
                                                    
                                                                李天",华府大楼(商业),李天,999元/月
精装公寓，无中介，安全性高，租房必看，划算,https://wz.58.com/zufang/59221036181290x.shtml?compressed_params=H4sIAAAAAAAAA11STZOiMBT8N97cITKAHKytYcJUXBCCRpG5WHyIGIY3CgaFX7_PuWzVHvJRL93vdXWnOxcLQuaGZc91ezaziWG8vloznRiaYer6pPpW3XFZLHTTmM8MzX41bcuybHPSVSmcriqFxV01qTwfi_T7XxEZljHXJkV6Szffqs2Pi9nkhrN0Uh7zGdGnVlrOpq95WU6zY6ZPy9IuLS3NrVlhT9LicBsux4V8TL6OJ6R_LV5enrf865zXv4z5r_y7eZGqufy-pe3peFt049XfO3rRpmG87ZNyv1pXzRCuOhKEEOcRSOiB2RHEWb1PQ3L5vO-2wso6Jnwu3aiVWtgNkAATOy6Vo5wkbKog6dhH1vS04NI01QChElRvZVAAEQSYW3PS9K2gHpCmaGVegMwSHmc-J1rIbeqDFLVgWo2nB-c6ApcS5B6AQNRJDTlYZ1rSSog41jjLCrBpJAIlu7Unu_1-tdpc8nJz1uebIZ9uHPNPW5m7_WW9a_GtRizLvWaIDqf-PlWVVWw_74_Gv48PSQ-qWpvLz_Wo1lenOfHpqbcOW-uaqUGZyyFKEON1jHqC0RD9Qf0N-hWgH26PvhUt9ua2RS5v2Recoz-XwfpU7B1x3gO9qkE857tPHlFvtO4Y-EAC9NAe2zQJVdVE3fAx5bGZYQK-ktkIqLllVOdM9Ni_gLipgeXofRP9p2MEkkU8dvFuPzUe4EermCM2wfeESzoKl-5weSLg727Ay3WvRSyz2NIR5fl095Z9wdxBuxou7SHVI3B0wh09fGrHuYT_ZBY8cx05Czx45vmTlXV8uIiRmHX9c2I-whcMIvQ1hpiSji1NFec7_sYr5RSOGnLSDapqh8aHNyvm5CNrUduzJ-rGfwJ1J3E_1z5nNv4N6m1X68NW0BC5Y1PRUVV5CD31FdP6v81iNrOfAwAA,https://pic6.58cdn.com.cn/anjuke_58/f3a3ba9f2395c44daccb6cf28a39a758?w=240&h=180&ss=1&crop=1&cpos=middle&w=240&h=180&crop=1&t=1&srotate=1,1室                        20㎡,"扬舲公寓房产                            
                                                    
                                                                李天",华府大楼(商业),李天,999元/月
精装奶油风世贸电梯房 880起多套，家电齐全，可月付，可短租,https://wz.58.com/zufang/58192338798648x.shtml?compressed_params=H4sIAAAAAAAAA0XLMQ7CMAwAwN9kjl07doY8gJkHIAtHbZFoCmmE-D1sXU-6vnoB1oklKiBmYCYGQqCkxBKWNnq9eJkYE4skxUgpZwh9sW1-DdvKZzztsVa3duJ_CGsMbodd23jfa4nB_HZ891r2H6WxAYJ1AAAA,https://img.58cdn.com.cn/ui9/house/list/lazy_pic.png,1室                        20㎡,"阿洪房产                            
                                                    
                                                                王维洪","马鞍池东路12,14号楼",王维洪,880元/月
看完省巨款，精装公寓，温馨一室，实景实拍，逃离合租,https://wz.58.com/zufang/59971234383672x.shtml?compressed_params=H4sIAAAAAAAAA11STZOjOAz9N7kxjXH4OqSmmoYdZyHGEDqEvqQIkATTVqchJoFfv85uTW3VHGS5ZD29J1lDW6-QblrI0A3TMFxkmsulY2Hb0B3DwYvLlxyadb3Ctrk0bAsjy7GWpmEvhksJ529ZwuouRcnbpi6__g8qhG06-qIub-X2S_ZVszIWtyeXsTSPDSo1q3QtbVk5J600T1jTkYNLZDq2XjWLsj7cpmuz4o_FZ3NW8M_Vy8vzVn22VffDdH5UX-KFS3H9eSv7c3NbDfN3tPdw3Zdx_j4Wp_0mvYgp3gyIxj3RE8ihAOQiluvzvozR9eO-e8_s40DcThCaSMK8YRJYTLBjXC9EW8Qyd9Ew0ULmWQFjMItc1XF93HNaA8oQkKBjSIx95oeA9JrxKmI5JCx3R8bpzDo_Ap51GdE75UNouwQCHynsARAkA9fr_hknetFzhUMws1xEiiPJqORDGvJhv99sttfqtG2xs50qbetZf_cXa7e_prtevXUql0AopuRwHu-avNj1-8f9IaL7_OD-QV5Sa_2RzjL91vYf4eOPvJvSs1OmNBxnRnTESFAzREfgVdITUUPmj9mZvV3JWzK8_vol6Frrc9qBfUv-680P-wkKQf7SYKp2cAki2RaqH7cYpqqG_LgTBOaeC8w4YJEHs8LEkNMIEC0U5wjIV3kVBiL-0CEUh9KARMxc__f8Qijx_MQwdMSZ0q8szCh7Cyg7paOekKNN1l52as_3cD3WJJj0bzPwR4VLwMOIeThWfSVAKsT4sWA5ff6p4qUhZL957OYR-M8eEXT_-oSRLFLaZ8ZTTxLbGoi01Ix27BWw9GqLTQINJEt6ziwgFDMU5vKpV9XMiPpnVWng6my7iKm9e87ufZMe1B7mQBTPRGMx0YhxTYNX6f0DQvV5x5sDAAA=,https://pic8.58cdn.com.cn/anjuke_58/183c1af2c1c8a80fcc28bda02f50b989?w=240&h=180&ss=1&crop=1&cpos=middle&w=240&h=180&crop=1&t=1&srotate=1,1室                        35㎡,"扬舲公寓房产                            
                                                    
                                                                李天",胜利商厦(商住楼),李天,999元/月
看完省巨款，精装公寓，温馨一室，实景实拍，逃离合租,https://wz.58.com/zufang/59971234383672x.shtml?compressed_params=H4sIAAAAAAAAA2VSXXOiMBT9N76xJaJEHpyduqGTFopBo0hfHAhWDE2qwWDh1--1-7Azuw-ZZJJ77j0faU_VHHm-O_MCHIzHAZpOJ1PX9SZBEPguHtWftj08V3MPTydj7HvIn_mT6RiP2rrQx4st9PxmVSFPh6r4_HsJCDyduaOquBbrT2vEYT4eXWGWDw1cFJRO8I4qZzIVY2f2PsGOVx1EUE4q1zu4o6LaX_vzYS6_Rh-HI8A_5g8P95P4OInmx3T2Q3yqB2nV-ee1MMfDdd4Ol3i38CpTLLNNl7_vXle16pevLUqWhrqpznSuUYBY5g67YonOb7fthuOypU-lqpXHOhW3PV5oJLZMks4uKl9lwmtpmFtZeiwLYoZuC8aJZ2RSacSRpmHDkOoMJ5FGbsWkiFmmU6jtmEwG1pBYS95w6jawR_rUpDokCLB7jXTaSrcy93vq5kYCDl4YEksdkJQnVrarSLa73evr-ize1ydvtu6Fs174L6b2t7vzamvgrYFaGkaqT_fH7ubYGlebt9uXim_DlyR7W6_857fVYFeXhToy59jh_QZfSttb_7lPc6iJWkoiTslSZ0msUZIzCloyPmhadozyiAUYnR_LD31KX849frP0V6Vl9KUpbzSH-X2IVB1CLXhIObJZsmWPZLCnfKk73bV9At65sX4MQWe4tKDPUFGBXvAs-eMZFYMB3__h0cEM6Ks7Q9Wd415_c-UznYXgl0Ba6oif8oiHJAo7H9blaBE24Yp1org8PRMcb1Yssii_cKqaNiNDmwGnrIRcyPe_MPTOPfDYnVNIGugF2YCu4xYwBLKDxL53ArrdiGWkg9xS04ut6VVqizxnvR5a6tdMulsNOSjkLNhj2Oguufe7rwi8-j_7EM8ghz2njgOZ1Ixi38pbbaVfGil-A7dc8lueAwAA,https://pic8.58cdn.com.cn/anjuke_58/183c1af2c1c8a80fcc28bda02f50b989?w=240&h=180&ss=1&crop=1&cpos=middle&w=240&h=180&crop=1&t=1&srotate=1,1室                        35㎡,"扬舲公寓房产                            
                                                    
                                                                李天",胜利商厦(商住楼),李天,999元/月
可短租可月付 五马街开太百货银泰百货附近多套单身公寓出租,https://wz.58.com/zufang/82181511450076x.shtml?compressed_params=H4sIAAAAAAAAA0XLMQ7CMAwAwN9ktp24iQc_gJkHIAtHtEg0hTSq-D3dWE-6vrgi8IQExESCzCmVKWaCQiWGuY1eL65RUKKchpxIKIc-2_p4D1v1GC97LtWt_fEcmQsEt92ubXzuVSGY3_bvVnX7AYLpl7x1AAAA,https://img.58cdn.com.cn/ui9/house/list/lazy_pic.png,1室                        30㎡,陈乐平,开太大厦,陈乐平,1000元/月
可短租月付，欧洲城，五马街，世贸银泰百货附近多套单身公寓,https://wz.58.com/zufang/82196230665437x.shtml?compressed_params=H4sIAAAAAAAAA0XLTQrCMBCG4dtknb_5mlnMAVx7ABmcYCvYVNNQvL26cvXCA29fTALChMKEGDkQZcqeQfjFzW30ejJJHEMEUgKX7EGuz7renkNXOcZD70s1bX_8HhMV70x3PbfxulbxTu2yv7cq2wfrDXITdQAAAA==,https://img.58cdn.com.cn/ui9/house/list/lazy_pic.png,1室                        30㎡,林来思,开太大厦,林来思,1000元/月
可短租月付欧洲城，花园五马街，江滨西路多套单身公寓出租,https://wz.58.com/zufang/82124143159004x.shtml?compressed_params=H4sIAAAAAAAAA0WLMQ6DMAwAf5PZDrGTDH5A5z6gsuqoUKkECBHi96VTp5NOd20yQcbIKRN7n5EoUIDMxD-4sfZWbiZDRg_hymDAFCK6Nur8WrvOcvSPvqdiWv_yOiIlcKa73mvfnkXAqT32cymyfAEg-M-SdQAAAA==,https://img.58cdn.com.cn/ui9/house/list/lazy_pic.png,1室                        30㎡,董跃光,开太大厦,董跃光,1000元/月
鹿城五马街小南路扬舲公寓 独门独户,https://wz.58.com/zufang/82629851859290x.shtml?compressed_params=H4sIAAAAAAAAA0XLMQ7DIAxA0dswG2NjGHyAzj1AZRXUJFJDWoKi3L7Zun693-einoQkBSDE7JmJMVGOyAHYTW30eisaskS5UA4Zok_o-mTr6zNs1WO8bZlrsfaP1yGcwBXb7d7G91kVnJXHfm5Vtx9C1hmwdQAAAA==,https://img.58cdn.com.cn/ui9/house/list/lazy_pic.png,1室                        30㎡,"扬舲公寓房产                            
                                                    
                                                                田健",小南路82号楼,田健,900元/月
马鞍池社区 1室1厅1卫 精装修 配套齐全,https://wz.58.com/zufang/83404226322906x.shtml?compressed_params=H4sIAAAAAAAAA0XLMQ6DMAxA0dtkNo5NksEHYO4BKquOCkgQIESI25et69f7dTLpKFCIHggxdczEGCn1yB7YjaXVPJgQBI4pemTs0RO7Our63ZuucrVF5ymbln98jseDMz31VdrxyQJO7X3eW5btB9LZ5NV1AAAA,https://img.58cdn.com.cn/ui9/house/list/lazy_pic.png,1室                        39㎡,"君勇房屋介绍所                            
                                                    
                                                                王素兰",马鞍池社区,王素兰,800元/月
马鞍池世贸大厦，银泰附近，精装公寓多套，家电齐全，可月付！,https://wz.58.com/zufang/59664249100830x.shtml?compressed_params=H4sIAAAAAAAAA0XLMQ7CMAwAwN9ktp04cQY_gJkHIAtHtEg0hTRC_B421pNurK4InJGAmKgic0qSYyEQkhiWPkc7ucaCqQoRQKGakcNYbLs9p236ng-7r82t__E3CgsEt8POfb6uTSGYX47P3nT_AsxNNux1AAAA,https://img.58cdn.com.cn/ui9/house/list/lazy_pic.png,1室                        30㎡,陈宗方,"马鞍池东路12,14号楼",陈宗方,850元/月
马鞍池银泰附近，五马街附近，多套一室带厨房，家电齐全，可月付,https://wz.58.com/zufang/83381322522331x.shtml?compressed_params=H4sIAAAAAAAAA0XLMQ7CMAwAwN9kdpPYjgc_gJkHIAtHbZFoCmmE-D1sXU-6vrpOiaAkYYlRJsSMACmLCAGHpY1eL64ZOAoRpcKMUTj0xbb5NWzTz3jaY61u7cT_YCwQ3A67tvG-V4Vgfju-e9X9BxGFx4V1AAAA,https://img.58cdn.com.cn/ui9/house/list/lazy_pic.png,1室                        35㎡,"优家盛开                            
                                                    
                                                                陈伟","马鞍池东路12,14号楼",陈伟,900元/月
美美广场附近，新装修大小房间，家电齐全可短租，可月付,https://wz.58.com/zufang/55218404126735x.shtml?compressed_params=H4sIAAAAAAAAA0XLuw3CMBAA0G1c39exCw9AzQDoxFlJkIgDjoXYHrq0T3p99YKgEQlIiTKqiqTIE0GixGFpo9eLF0bRjALCmTEqh77YNr-GbeUznvZYq1s78T8mTRDcDru28b7XAsH8dnz3WvYfVkt7lXUAAAA=,https://img.58cdn.com.cn/ui9/house/list/lazy_pic.png,1室                        25㎡,"阿洪房产                            
                                                    
                                                                王维洪",奥林匹克广场(商业),王维洪,1000元/月
美美时尚广场，维也纳酒店附近，多套单间独卫带厨房家电齐，月付,https://wz.58.com/zufang/83369127371869x.shtml?compressed_params=H4sIAAAAAAAAA0XLMQ6DMAwAwN9kth2bkMEP6NwHVBaOCpUgtCFC_L7dup50bXHFzAkFcCTKKMIikQk4JqIw197KzZUhIYMMkoUyRQxttu357rbp2Vd7LcWt_vE3kowQ3A671_6ZikIwfxzXXnT_AocTuKh1AAAA,https://img.58cdn.com.cn/ui9/house/list/lazy_pic.png,1室                        35㎡,"优家盛开                            
                                                    
                                                                陈伟",鹿城路34-36号楼,陈伟,800元/月
免费带看，人民路电梯房1000至1500，家电齐全，拎包入住,https://wz.58.com/zufang/83414603816666x.shtml?compressed_params=H4sIAAAAAAAAA0XLMQ6DMAxA0dtkNsaOw-ADMPcAlYWjQiUIbYhQbw9b16_36-LakZCkHghx6JiJMdEQkXvgMJdW8-hKIIIYIxEx3DTU2bbXp9mmZ1vtvWS38o_3IZwguB32KO07ZYVg_jx-e9b9AvALOA91AAAA,https://img.58cdn.com.cn/ui9/house/list/lazy_pic.png,1室                        30㎡,潘建勇,开太大厦,潘建勇,1000元/月
免费带看，五马街附近，一室一卫一厨1000至1500支持月付,https://wz.58.com/zufang/83296513160026x.shtml?compressed_params=H4sIAAAAAAAAA0XLMQ7CMAwAwN9kthMnrgc_gJkHIAtHbZFoCmmE-D1sXU-6vrpiKjAlYYlRMGfKAIlEpACHpY1eL64EJSIiEBAW5hT6Ytv8GrbpZzztsVa3duJ_cJ4guB12beN9rwrB_HZ896r7D7k31Sp1AAAA,https://img.58cdn.com.cn/ui9/house/list/lazy_pic.png,1室                        40㎡,郭翔,新街公寓,郭翔,1000元/月
免费带看，五马街附近，一室一卫一厨800至1500，支持月付,https://wz.58.com/zufang/83036738078045x.shtml?compressed_params=H4sIAAAAAAAAA0XLOw7CMAwA0NtkdpyY2IMPwMwBkIWjfiSaQhpV3B421ie9vrjGyFSEkyBKJMq5YIoEdEkpzG30enXNgMwkjCJRCkHos23Ta9im53jaulS39sffKMQQ3A67tfF-VIVgfj8-e9X9Cwua7Wp1AAAA,https://img.58cdn.com.cn/ui9/house/list/lazy_pic.png,1室                        40㎡,郭翔,"五马街23,30弄小区",郭翔,1000元/月
免费带看，银泰附近，一室一卫一厨1000至1500，支持月付,https://wz.58.com/zufang/83186183348701x.shtml?compressed_params=H4sIAAAAAAAAA0XLMQ7CMAwAwN9kdhy7cQY_gJkHIAtHbZFoCmmE-D1sXU-6vrpG4CkiICOWyEwkU8oIgpLC0kavF1cCykVEkBhLSRj6Ytv8GrbpZzztsVa3duJ_ZBYIbodd23jfq0Iwvx3fver-A8NAWN91AAAA,https://img.58cdn.com.cn/ui9/house/list/lazy_pic.png,1室                        40㎡,郭翔,"马鞍池东路12,14号楼",郭翔,1000元/月
免费带看，银泰马鞍池一室一卫800，可以月付，家电齐全,https://wz.58.com/zufang/83414873626970x.shtml?compressed_params=H4sIAAAAAAAAA0XLMQ7CMAwAwN9ktp04TgY_gJkHIAtHtEg0hTRC_B421pNurK6IhaWWWIkqMqckFJGBc4xh6XO0k2sCESLMQMg1Ywljse32nLbpez7svja3_sffEC4Q3A479_m6NoVgfjk-e9P9C8k5QCN1AAAA,https://img.58cdn.com.cn/ui9/house/list/lazy_pic.png,1室                        20㎡,潘建勇,"马鞍池东路12,14号楼",潘建勇,800元/月
免费带看，银泰世贸附近精装奶油风，家电齐全  可以月付,https://wz.58.com/zufang/83424891790938x.shtml?compressed_params=H4sIAAAAAAAAA0XLOw7DIAwA0NswY4xrGHyAzj1AZcUoH6khCUFRb99sXZ_02mwCkIhzwhxCBqIYOSCQpweim2pv5WkSPSeKeCswEgTXJl3HvesqV__oMhfT-sd7MCXvTE991X4MRbxTe5_frcj2A9odI-l1AAAA,https://img.58cdn.com.cn/ui9/house/list/lazy_pic.png,1室                        36.0㎡,林格选,"马鞍池东路12,14号楼",林格选,1000元/月
免费带看现场实拍，欧洲城电梯新装880至1500家电齐全提包,https://wz.58.com/zufang/59580350380731x.shtml?compressed_params=H4sIAAAAAAAAA0XLMQ6DMAxA0dtkdmKbJIMPwNwDVBaOCpUgtCFCvT1sXf_Tb4uJp0gxIVAI2TMTh0R5CIzAbq69ldEE482EfiAkRMiuzbq9Pl03Ofuq76WY1n-8j8gJnOmhj9q_UxFwas_jtxfZL2J1kZZ1AAAA,https://img.58cdn.com.cn/ui9/house/list/lazy_pic.png,1室                        32㎡,徐琼敏,欧洲城(商住楼),徐琼敏,880元/月
免费带看银泰世贸精装单间1000至1500，可月付，家电齐全,https://wz.58.com/zufang/83401610965981x.shtml?compressed_params=H4sIAAAAAAAAA0XLMQ6DMAxG4dtkjoN_EgYfgLkHqCwcFSpBaEOEenvYuj190quLCSF1iD5RCAMBDOJA3CdGdHNpNY8m7CPQd8CAOxBcnXV7fZpucrZV30s2LX-8j4jknemhj9K-Uxbv1J7Hb8-yX322om11AAAA,https://img.58cdn.com.cn/ui9/house/list/lazy_pic.png,1室                        36.0㎡,潘建勇,"马鞍池东路12,14号楼",潘建勇,1000元/月
免费看房 银泰马鞍池一室一卫800起，多套，家电齐全，可月付,https://wz.58.com/zufang/58635422087601x.shtml?compressed_params=H4sIAAAAAAAAA0XLPQ7CMAxA4dtkjv-IO_gAzBwAWTiiRaIppBHi9nRjffpeX8JAlKRkBcQJRFiAEfikLCXNbfR6DqPD4ITElIlVMfXZ1_tr-Gqf8fTHUsPbPx5HEc0pfPdLG-9btZw8rvt3q7b9AEPpOzJ1AAAA,https://img.58cdn.com.cn/ui9/house/list/lazy_pic.png,1室                        20㎡,"阿洪房产                            
                                                    
                                                                陆桂羽","马鞍池东路12,14号楼",陆桂羽,880元/月
免费看房，广化桥精装电梯房800至1500可以月付，家电齐全,https://wz.58.com/zufang/83369197074139x.shtml?compressed_params=H4sIAAAAAAAAA0XLMQ7CMAwAwN9kth27cQc_gJkHIAtHtEg0hTRC_B421pOur2EIMiEBCdGMIsw65UKgpDktbfR6CmMoyMiimGfITKkvvt2ewzd7j4ff1xre_vgbRRRS-OHnNl7XapA8Lsdnr7Z_AcoVqyJ1AAAA,https://img.58cdn.com.cn/ui9/house/list/lazy_pic.png,1室                        30㎡,林格选,西城路87号院,林格选,900元/月
免费看房，精装修，附二医，银泰世贸，马鞍池附近，可月付,https://wz.58.com/zufang/83172604992989x.shtml?compressed_params=H4sIAAAAAAAAA0XLPQ7CMAwG0Ntk_vJjpx5yAGYOgCwctUWiKaQR4vawdX3S66sVHxlTlCwhiCdKBMQkIozsljZ6vVhJSBwIWQieA9j1Rbf5NXQrn_HUx1pN24n_kWmCMz302sb7Xguc2u347rXsP5MQm1V1AAAA,https://img.58cdn.com.cn/ui9/house/list/lazy_pic.png,1室                        32㎡,陈苗,"蒲鞋市68,76弄小区",陈苗,880元/月
免费看房，可短租，马鞍池，小南路，五马街附近多套房间出租，,https://wz.58.com/zufang/83271491686493x.shtml?compressed_params=H4sIAAAAAAAAA0XLPQ7DIAxA4dswmx8HM_gAnXuAyqpRSKSGtARFuX3Zsj59ry3K1hLGRD45lyxiCNF5i4CT96bU3vJDOQBSAhqAAGCKphXZ5m-Xjc_-kXXJKvWO44hIYFQOedb-e2cGI_o6rj3z_geNHg1TdQAAAA==,https://img.58cdn.com.cn/ui9/house/list/lazy_pic.png,1室                        25㎡,陈苗,小南路82号楼,陈苗,800元/月
免费看房，马鞍池，银泰世贸，五马街，开太百货，名城广场多套,https://wz.58.com/zufang/82607907868763x.shtml?compressed_params=H4sIAAAAAAAAA0XLQQ4CIQwAwN9wBtoCPfQBnvcBm8YSWROXVZYYf683r5PM2EwCZswFPMbIgQgpFuQUCTy51ueoFxPgDJyYEgRALuRG0_32nLrLez70vlXT_sffyFS8Mz116fN1reKd2np-jirHFyerj3V1AAAA,https://img.58cdn.com.cn/ui9/house/list/lazy_pic.png,1室                        39㎡,陈苗,铁井栏小区,陈苗,880元/月
免费看房，欧洲城附近多套房间出租，出租，拎包入住,https://wz.58.com/zufang/83415134889434x.shtml?compressed_params=H4sIAAAAAAAAA0XLMQrDMAxA0dt4lowlW4MO0LkHKKIyTQqN0zom5PZtp0wfHvw-uyJj5iLEMQoSJUogTPxPmNro9eKaIOcoiSMWBBYOfbLl8R626D5e9pyrWzvxd2QqENw2u7bxuVeFYH7bjrXq-gXlI1I1dQAAAA==,https://img.58cdn.com.cn/ui9/house/list/lazy_pic.png,1室                        25㎡,陈苗,欧洲城(商住楼),陈苗,800元/月
免费看房，欧洲城附近新装一室一卫一厨家电齐全随时提包入住,https://wz.58.com/zufang/82256879124701x.shtml?compressed_params=H4sIAAAAAAAAA0XLMQ7CMAwAwN9kduw6cQY_gJkHIAtHbZFoCmmE-D1sXU-6vrpG4BQRkBFLZJ4mSZQRBIXC0kavF1cqWICyCEmJOabQF9vm17BNP-Npj7W6tRP_I7NAcDvs2sb7XhWC-e347lX3HzNIpEF1AAAA,https://img.58cdn.com.cn/ui9/house/list/lazy_pic.png,1室                        35㎡,徐琼敏,欧洲城(商住楼),徐琼敏,990元/月
免费看房，实拍！马鞍池公园，银泰世贸，五马街附近多套出租,https://wz.58.com/zufang/83060592760669x.shtml?compressed_params=H4sIAAAAAAAAA0WLSQ7CMAwAf5NzFruOD34AZx6ALBzRVqIppFHV35MbcxzNtMUkUOaUKA44IAIgMETKOGU3197KzQR8ChzSKCLD5Mm1WbfXp-smZ3_ruhTT-pfjIMzemR56r_37LOKd2uO49iL7D6-JPLN1AAAA,https://pic2.58cdn.com.cn/anjuke_58/c5029e7ef3b98931aa94f156dcc7be12?w=240&h=180&ss=1&crop=1&cpos=middle&w=240&h=180&crop=1&t=1&srotate=1,1室                        35㎡,陈苗,"马鞍池东路12,14号楼",陈苗,980元/月
免费看房，五马街，开太，第一桥，银泰世贸附近多套，可月付,https://wz.58.com/zufang/82622394022109x.shtml?compressed_params=H4sIAAAAAAAAA0XLPQ7CMAxA4dtkjp0Yx4MPwMwBkIWj_kg0hTRC3J5urE_f64srUEnEsQCiAFEmyAj5UjJxmNvo9eqahKlgYonMhCKhz7ZNr2GbfsbT1qW6tX88j9PH4HbYrY33o2oM5vfju1fdf05wp1R1AAAA,https://img.58cdn.com.cn/ui9/house/list/lazy_pic.png,1室                        25㎡,陈苗,开太大厦,陈苗,999元/月
免费看房，五马街，人民路附近精装电梯房，可以月付，家电齐全,https://wz.58.com/zufang/83412604871642x.shtml?compressed_params=H4sIAAAAAAAAA0XLMQ6DMAxA0dtkNsSO8eADMPcAlYWjQiUIbYhQbw9b1__06-LaxQRDFJa-l44ICSCiiCTgMJdW8-iKwEkYmOVWQgx1tu31abbp2VZ7L9mt_ON9MA0Q3A57lPadskIwfx6_Pet-AcUnRl11AAAA,https://img.58cdn.com.cn/ui9/house/list/lazy_pic.png,1室                        30㎡,潘建勇,五洲大厦,潘建勇,1000元/月
免费看房，五马街，人民路附近精装电梯房，可以月付，家电齐全,https://wz.58.com/zufang/83401587284445x.shtml?compressed_params=H4sIAAAAAAAAA0XLMQ6DMAxA0dtkdoydhMEHYO4BKquOCkgQIESI25et63_6dTLxFCmmDgix98zEmKgPyB2wG0ureTAhiMwBHkKCQN7VUdfv3nSVqy06T9m0_ONzRE7gTE99lXZ8soBTe5_3lmX7Ae6WkOh1AAAA,https://img.58cdn.com.cn/ui9/house/list/lazy_pic.png,1室                        30㎡,林格选,五洲大厦,林格选,1000元/月
免费看房，五马街附二医附近新装修家电齐全一室一卫一厨提包入住,https://wz.58.com/zufang/82256912210395x.shtml?compressed_params=H4sIAAAAAAAAA0XLMQ7CMAxA0dtktk3sxoMPwMwBkIUjWiSaQhohbg9MTF960u9LGApOUpSFSJE5cwYVll_S3Eavx7CDkkImxFIKkHDqs6_Xx_DVXuPut6WGtz9-j4kLpPDdT208L9UgeZz391Zt-wA5m2fWdQAAAA==,https://img.58cdn.com.cn/ui9/house/list/lazy_pic.png,1室                        35㎡,徐琼敏,"蒲鞋市68,76弄小区",徐琼敏,880元/月
免费看房，五马街精装单间850，可以月付，家电齐全，拎包入住,https://wz.58.com/zufang/83414473291101x.shtml?compressed_params=H4sIAAAAAAAAA0XLMQ7CMAxA0dtkdtzYTgYfgJkDIAtHtEg0hTSquD0wMX3pSb8vrpGjcC7EiCUSJUpQmPiXMLfR68k1gQhCKZMgTpwx9NnW23PYqsd42H2pbu2P30MoQ3Db7dzG61oVgvllf29Vtw_B7Oo-dQAAAA==,https://img.58cdn.com.cn/ui9/house/list/lazy_pic.png,1室                        25㎡,林格选,湖滨东楼,林格选,850元/月
免费看房时代广场 财富中心 恒隆广场 下吕浦1000实拍多套,https://wz.58.com/zufang/57754447164598x.shtml?compressed_params=H4sIAAAAAAAAA0XLMQ7CMAwAwN9kth1bTgY_gJkHIAtHtEg0hTRC_B421pNurGFYWVEAC1FFERbJTMBZidLS52insMwKQipCtShySWPx7facvtl7Pvy-tvD-x99QKZDCDz_3-bo2g-RxOT57s_0Lwaa143UAAAA=,https://img.58cdn.com.cn/ui9/house/list/lazy_pic.png,1室                        35㎡,"亿旺房产                            
                                                    
                                                                龙俊",时代公寓,龙俊,1000元/月
免费看房实拍，附二医附近新装一室一卫一厨家电齐全提包入住,https://wz.58.com/zufang/59588810297645x.shtml?compressed_params=H4sIAAAAAAAAA0XLMQrDMAxA0dt4lq1ItgcdIHMPUERlmhQSJ3FM6O3bTp0-PPhtNvHsI6dMHEL2RAMNkJn4FzfV3spoghEIAwNiDgiJXJt0fe5dV7n6oq-5mNY_fo9ICZzpqbfaj0cRcGr3870V2T5aOfWXdQAAAA==,https://img.58cdn.com.cn/ui9/house/list/lazy_pic.png,1室                        32㎡,徐琼敏,"蒲鞋市68,76弄小区",徐琼敏,880元/月
免费看房实拍，附二医附近一室一卫一厨880至1500随时入住,https://wz.58.com/zufang/59567998159267x.shtml?compressed_params=H4sIAAAAAAAAA0XLQQ6DIBBA0duwHpAZYDEH6NoDmEmHiCYVWySNt29dufrJS35blC3ZQDEhOZcsokcPiZCumFJ7yw_lIYAjchDBYgoeTSuyze8uG3_7S9Ylq9Qb_0fACEblkLH2zzMzGNHpOPfM-w8BPkM1dQAAAA==,https://img.58cdn.com.cn/ui9/house/list/lazy_pic.png,1室                        32㎡,徐琼敏,"蒲鞋市68,76弄小区",徐琼敏,880元/月
免费看房实拍，附二医隔壁电梯880至1500家电齐全提包入住,https://wz.58.com/zufang/59568029039627x.shtml?compressed_params=H4sIAAAAAAAAA0XLOw7CMAwA0NtkdvzJZ_ABmDkAsnBEi0RTSCPE7WFjfdIbq2usnKNALIg1irAIMQJTRgxLn6OdXCkDppSAsJBI5TAW227PaZu-58Pua3Prf_yNLAWC22HnPl_XphDML8dnb7p_AZIhc0V1AAAA,https://img.58cdn.com.cn/ui9/house/list/lazy_pic.png,1室                        32㎡,徐琼敏,"蒲鞋市68,76弄小区",徐琼敏,880元/月
免费看房实拍，附二医银泰新装880至1500家电齐全提包入住,https://wz.58.com/zufang/59576994889371x.shtml?compressed_params=H4sIAAAAAAAAA0WLSQ6DMAwAf5NznGAnOfgBnPuAysIRiwShDVHV3wMnTjMaaeqsDASBYkJyLgFih51NhHTDTKXV3Cv7YH0ETwQU3eWmTrKNnyYb_9oqy5xVyhOvI2C0RuWQV2nfIbM1ou_jv2feT2UjiwB1AAAA,https://img.58cdn.com.cn/ui9/house/list/lazy_pic.png,1室                        32㎡,徐琼敏,"蒲鞋市68,76弄小区",徐琼敏,880元/月
免费看房实拍，欧洲城内环新装880至1500家电齐全随时入住,https://wz.58.com/zufang/59578777667876x.shtml?compressed_params=H4sIAAAAAAAAA0XLMQ7CMAwAwN9kth1bTgY_gJkHIAtHtEg0hTRC_B421pNurGFYWVEAC1FFERbJTMBZidLS52insKzAwFhEGSpkTmPx7facvtl7Pvy-tvD-x99QKZDCDz_3-bo2g-RxOT57s_0LValiw3UAAAA=,https://pic6.58cdn.com.cn/anjuke_58/5ce8fb9f2c58ef8ed23c3316384bafe1?w=240&h=180&ss=1&crop=1&cpos=middle&w=240&h=180&crop=1&t=1&srotate=1,1室                        32㎡,徐琼敏,欧洲城(商住楼),徐琼敏,880元/月
免费看房实拍，五马街新装一室一卫一厨家电齐全提包入住980起,https://wz.58.com/zufang/82256832616155x.shtml?compressed_params=H4sIAAAAAAAAA0XLMQ6DMAwAwN9ktmNM4sEP6MwDkFVHhUolQIiq_r7dup50bXVFGiGTJIlRkHlgABpEZIQUltpbubmSRAFCIciAyCm0xbbH0W3Td3_Zcy1u9Y-_kThDcLtsqv28F4VgPl-fvej-BV_UORp1AAAA,https://img.58cdn.com.cn/ui9/house/list/lazy_pic.png,1室                        32㎡,徐琼敏,广场路194号楼,徐琼敏,980元/月
免费看房实拍，西城路广化桥新装880至1500家电齐全入住,https://wz.58.com/zufang/59576729408012x.shtml?compressed_params=H4sIAAAAAAAAA0XLMQ7CMAwAwN9kduK4tgc_gJkHIItEbZFoCmmE-D1sXU-6vhaLUYhVUFPSSJQzJ4wENCGGpY1eL8WQAZl1EgDJqhT64tv8Gr7ZZzz9sdbi7cT_YBIIxQ-_tvG-V4Pg5XZ892r7D8fpFjl1AAAA,https://img.58cdn.com.cn/ui9/house/list/lazy_pic.png,1室                        32㎡,徐琼敏,西城路87号院,徐琼敏,880元/月
免费看房实拍，银泰世贸附近新装一室一卫一厨家电齐全提包入住,https://wz.58.com/zufang/59589302654225x.shtml?compressed_params=H4sIAAAAAAAAA0XLQQ7CIBAF0NuwHmB-GRZzANcewEyEtDWxVCkx3l533b7k9bWo58RJInEI2QOMIJyngEhwSxu9XorGRIiSCZi8ELLri23za9imn_G0x1qLtRP_I0HIFTvs2sb7XpWcldvx3avuP8zWDNZ1AAAA,https://img.58cdn.com.cn/ui9/house/list/lazy_pic.png,1室                        32㎡,徐琼敏,"马鞍池东路12,14号楼",徐琼敏,880元/月
免费看房现场实拍，附二医银泰附近新装家电齐全一室一卫一厨随时,https://wz.58.com/zufang/59588152484643x.shtml?compressed_params=H4sIAAAAAAAAA0XLMQ7CMAxA0dtktpPYSQYfgJkDIAtHtEg0hTSqentg6vSlJ_0-myBj4lyIvS9IFClCYeJ_3NRGrxeTkIB8xBxCShkLuD7p8ngPXWQfL33O1bSd-DsSZXCmm17b-NyrgFO7bcdaZf0Cv3lXOHUAAAA=,https://img.58cdn.com.cn/ui9/house/list/lazy_pic.png,1室                        32㎡,徐琼敏,"蒲鞋市68,76弄小区",徐琼敏,880元/月
免费看房现场实拍，江滨中心医院附近新装一室一卫一厨家电齐全提,https://wz.58.com/zufang/59588655166984x.shtml?compressed_params=H4sIAAAAAAAAA0WLSQ6DMAwAf5OzE7BNDn5AzzwAWXXEIpXQhqjq7xtOnEYazZTVxJNnGiJSCNEj9thDJKQLbsm1pIdJx4AdtJCDJwzsyqL7_K66y7e-dFuTab5lOxgHcKanjrl-nknAqU3n70hy_AGoHK4NdQAAAA==,https://img.58cdn.com.cn/ui9/house/list/lazy_pic.png,1室                        32㎡,徐琼敏,打绳巷66-80号小区,徐琼敏,880元/月
免费看房现场实拍，欧洲城新装880至1500家电一室一卫一厨,https://wz.58.com/zufang/59568116104879x.shtml?compressed_params=H4sIAAAAAAAAA0XLMQ6DMAxA0dtkjg22yeADdO4BKgtHhUolQIhQb087dfrSk36dXYFBeEjEiAmIeupjYuJfwlRazTfXTiKyCIggdIkx1MmW59Zs0bO97TVnt_LH7yE0xOB22L20fcwag_nj-KxZ1wue6GXrdQAAAA==,https://img.58cdn.com.cn/ui9/house/list/lazy_pic.png,1室                        32㎡,徐琼敏,欧洲城(商住楼),徐琼敏,880元/月
免费看房现场实拍，五马街中山公园欧洲城附近一室一卫一厨家电,https://wz.58.com/zufang/59597908518286x.shtml?compressed_params=H4sIAAAAAAAAA0XLMQ7CMAwAwN9kdhLbiQc_gJkHIAtHtEg0hTRC_B421pNurK4RC5aaAVOSSISUKgonykBh6XO0k2suwCjAwFGkRg5jse32nLbpez7svja3_sffKFQhuB127vN1bQrB_HJ89qb7F_5eioB1AAAA,https://img.58cdn.com.cn/ui9/house/list/lazy_pic.png,1室                        35㎡,徐琼敏,欧洲城(商住楼),徐琼敏,980元/月
免费看房现场实拍，西城路广化桥880至1500家电齐全提包住,https://wz.58.com/zufang/59569139272342x.shtml?compressed_params=H4sIAAAAAAAAA0XLMQ7CMAxA0dtkdhwbu4MPwMwBkIUjWiSaQhohbk83_vik35ewTEKiBQhxyszEqDSdkAtwmtvo9RxWBFBBM6EgHKU--3p_DV_tM57-WGp4--NxCCuk8N0vbbxv1SB5XPfvVm37AYsc9p11AAAA,https://img.58cdn.com.cn/ui9/house/list/lazy_pic.png,1室                        32㎡,徐琼敏,西城路87号院,徐琼敏,880元/月
免费看房现场实拍，西城路广化桥电梯880至1500家电齐全提,https://wz.58.com/zufang/59578897155747x.shtml?compressed_params=H4sIAAAAAAAAA0XLMQrDMAxA0dt4llxLtgcdIHMPUERkmhQSp3VM6e2bTJk-PPhtNkHGyCkTe5-RKFCAzMRn3FR7K4PJLUIAikiYIJH3rk26Pt9dV_n2RV9zMa0XHkekBM5013vtn7EIOLXH_tuKbH_AIfEudQAAAA==,https://img.58cdn.com.cn/ui9/house/list/lazy_pic.png,1室                        32㎡,徐琼敏,西城路87号院,徐琼敏,880元/月
免费看房现场实拍，银泰世贸新装附近一室一卫一厨家电齐全随,https://wz.58.com/zufang/59587989016080x.shtml?compressed_params=H4sIAAAAAAAAA0XLOw7CMAwA0Ntkdhw7n8EHYO4BKgtHpEg0hTRC3B421ie9sZl4SpRyAEIsnpkYM5WIHIBd63PUi0lIwIhQoGT2MaIbTffbc-ou7_nQ-1ZN-x9_I3EGZ3rq0ufrWgWc2np-jirHF_MhDS91AAAA,https://img.58cdn.com.cn/ui9/house/list/lazy_pic.png,1室                        32㎡,徐琼敏,"马鞍池东路12,14号楼",徐琼敏,980元/月
免费看房银泰世贸附近一室一卫800，可以月付，家电齐全,https://wz.58.com/zufang/83405104888923x.shtml?compressed_params=H4sIAAAAAAAAA21S25KiMBD9G9_YIXJ_sLZkyEwsEIIbZZgXi4uCMMkoGBS-fpt92aqtfWhI-pLTp_v0l3KFkG1Yjq05y6WDDEPXraWGDNUwNW1Rf8v-tClXumqZKlItG1nI0A170deZqG4yE6uH5FlzOZXZ918nVFiGrS7K7J79-pZdcVotF3fAypYAYOqGUjjGWdEddak4xumsqEaR20uztEukL7LyeB-vp1XzXHydKij_Wr28zKfi61K0Pwz7R_HNXxrJrz_vWVed7qt-ugUfrlZ2WZTsh_T8sd3VfIy2PXIQbVgpCEu7xtE6UqCPLELXz8dhz6y8JyygDY67Ro36UaSQd6CNdKWbRrwO05685XzwStqYphxFJJmndQ2bBAljmoRxR5jPCG4p4i3UBl3jBRBLKXF8ilgrGNwb1jLiHQXxfIFE2zfwvbQB5Mx-wHeQICpYGFFS-BRbazyVGE_B9j3Sa7fXc7s_K-7b8_X1mry_7qta2ROI3X2BvYmN1nFv3XI5SnMzxmk10FTdtnG_lgqvHqVa7568tpDc3cz9On7KNcym2h03n23MLmnMsAc8irnvSCQspQkfRBJCX0xjhPvqYL53iXe81or5GMIvSlhbIa8FXjN-zMmjliRvxVS6on5TeoI1QcShm7llqcaJiCmR0B8fZIJ9QfKJIq8EzJY2KqIIw4zwQP_tA3kDYCGITXOPfePNvbZ9wgKRYJgxnu8HMJ-F9BWH9Lwb1JjkFtm47HypHv5mKAke1ZuBvUFkWixcDVFXi2AvsQAt0CYHviHsNJwoCX3w-7CbWGDr9ARM4Agb-_MHDixgozfnQQ0uQS8RHTnoBbiDXui4q0FPJR8KTSQy79Y4pvN7YAx08p_d-_vt7rhnHqJrnHZjEXB4nyOu0RprvwGIroNHmwMAAA==,https://img.58cdn.com.cn/ui9/house/list/lazy_pic.png,1室                        20㎡,林格选,"马鞍池东路12,14号楼",林格选,800元/月
免费看房银泰世贸附近一室一卫800，可以月付，家电齐全,https://wz.58.com/zufang/83405104888923x.shtml?compressed_params=H4sIAAAAAAAAA0XLPQ6DMAxA4dtktsmP48EHYO4BKgtHhUoQ2hCh3h62rk_fa4sJ-gTZM_EwMMYYIoAPzJyA3Fx7K6NJAEqAQBkJb5Fdm3V7fbpucvZV30sxrf94HxQzONNDH7V_pyLg1J7Hby-yX5uF1VB1AAAA,https://img.58cdn.com.cn/ui9/house/list/lazy_pic.png,1室                        20㎡,林格选,"马鞍池东路12,14号楼",林格选,800元/月
免中介 车站大道时代广场财富中心多套精装修公寓出租,https://wz.58.com/zufang/83414724786010x.shtml?compressed_params=H4sIAAAAAAAAA0XLMQrDMAxA0dt4loUk24MO0LkHKKIyTQqN0zom5PZtp0wfHvw-u0aJSXJhQSyRmZigCMs_YWqj14srQUpIGDEzlwgU-mTL4z1s0X287DlXt3bi70icIbhtdm3jc68Kwfy2HWvV9Qsxm7zwdQAAAA==,https://img.58cdn.com.cn/ui9/house/list/lazy_pic.png,1室                        32.00㎡,丘舒晴,时代公寓,丘舒晴,900元/月
,,,,,,,
免中介 解放街 县前头 铁井栏 解北大楼1室1厨1卫1000,https://wz.58.com/zufang/83249122652253x.shtml?compressed_params=H4sIAAAAAAAAA0WLSw6EIAxAb8O6QCu46AFcewDTWDI6iaIiMXN72c32fcqqbDFgiB7Qud4SIbmIfefIA5kl15IGZQTqAAmattFHMGWR_XNW2fmpm3zXpJL_sB2BWqVyy5jrNScGIzrdvyPx8QLAyfrZdQAAAA==,https://img.58cdn.com.cn/ui9/house/list/lazy_pic.png,1室                        20㎡,唐小攀,解北大楼,唐小攀,1000元/月
免中介 金鹰大楼 纱帽河 五马步行街附近公寓 1室1厨1卫,https://wz.58.com/zufang/83248434526045x.shtml?compressed_params=H4sIAAAAAAAAA0XLMQ7CMAwAwN9kdly7jgc_gJkHIAtHtEg0hTRC_B421pOur2GZhKRMQIiamYmxkM7IE3Ba2uj1FEbArDyrMIpm0NQX327P4Zu9x8Pvaw1vf_wN4QIp_PBzG69rNUgel-OzV9u_em62x3UAAAA=,https://img.58cdn.com.cn/ui9/house/list/lazy_pic.png,1室                        20㎡,唐小攀,金鹰大楼,唐小攀,1000元/月
免中介 时代广场 车站大道 财富中心多套一室一厅精装修出租,https://wz.58.com/zufang/83414719315163x.shtml?compressed_params=H4sIAAAAAAAAA0XLMQrDMAxA0dt4toUky4MO0LkHKKIyTQqN0zom5PZtp0wfHvw-uyZOmaUQA5REhISxMPE_YWqj14srxpwBE4KAMLKEPtnyeA9bdB8ve87VrZ34OzJJDG6bXdv43KvGYH7bjrXq-gWUrRIqdQAAAA==,https://img.58cdn.com.cn/ui9/house/list/lazy_pic.png,1室                        30.00㎡,丘舒晴,时代公寓,丘舒晴,900元/月
免中介 随时看房 五马街酒店式公寓 24小时专人管理安全可靠,https://wz.58.com/zufang/83249217448154x.shtml?compressed_params=H4sIAAAAAAAAA0XLMQ7CMAwF0NtkthP_xh18AGYOgCwS0SLRFNIIcXvYWJ_0-lqMoQmZlGOcGRCwRJZJBTksbfR6KiaEiZBZ58QJIqEvvt2ewzd7j4ff11q8_fE3MpRC8cPPbbyu1Sh4uRyfvdr-BX5dyFJ1AAAA,https://img.58cdn.com.cn/ui9/house/list/lazy_pic.png,1室                        20㎡,唐小攀,金鹰大楼,唐小攀,1000元/月
,,,,,,,
免中介 五马街 公园路附近  租金灵活  随时看房,https://wz.58.com/zufang/83249338539866x.shtml?compressed_params=H4sIAAAAAAAAA0XLOw6DMAwA0Ntkdoydz-ADMPcAlVVHQCUIbYhQb0831ie9tpj4TNEz-ISYPTMxD4RAQ0R0c-2tjCYEHCBiSBkoB0DXZt2mT9dNzr7qeymm9cb_iJzAmR76qP37KgJO7Xn89iL7BUAhRZ51AAAA,https://img.58cdn.com.cn/ui9/house/list/lazy_pic.png,1室                        20㎡,唐小攀,公园路158弄小区,唐小攀,1000元/月
,,,,,,,
免中介 自己公寓随时看房 五马街 公园路 蝉街 纱帽河附近,https://wz.58.com/zufang/83248474388829x.shtml?compressed_params=H4sIAAAAAAAAA0XLMQ7CMAwAwN9kdp04jgc_gJkHIAtHbZFoCmmE-D1sXU-6vrpOMUOJwoIoE1EigJhEJAOHpY1eL64JiCQjMOeCDBj6Ytv8GrbpZzztsVa3duJ_MBUIbodd23jfq0Iwvx3fver-A78BRuh1AAAA,https://img.58cdn.com.cn/ui9/house/list/lazy_pic.png,1室                        20㎡,唐小攀,康乐坊,唐小攀,1000元/月
免中介费出租车站大道时代广场财富中心恒隆广场万顺大厦附近公寓,https://wz.58.com/zufang/83417587540314x.shtml?compressed_params=H4sIAAAAAAAAA0XLMQ6DMAxA0dtkdpw4MYMPwNwDVBaOCpUgtCFCvT1sXb_eb4uJB0oeAQlx8EQxcgoZgZGDm2tvZTSJkHMCviEMIYXo2qzb69N1k7Ov-l6Kaf3H-8jE4EwPfdT-nYqAU3sev73IfgFkwEsQdQAAAA==,https://img.58cdn.com.cn/ui9/house/list/lazy_pic.png,1室                        40㎡,"亿旺房产                            
                                                    
                                                                王文静",时代公寓,王文静,1000元/月
免中介费好停车可养宠物时代广场车站大道财富恒隆火车站附近公寓,https://wz.58.com/zufang/83415491071323x.shtml?compressed_params=H4sIAAAAAAAAA0XLOw7CMAwA0Ntkduw4MYMPwMwBkIWjfiSaQhpV3B421ie9vrhG4BwRkBEvkTklyVQQBIXC3EavV9cEpVACjAQsnCn02bbpNWzTczxtXapb--NvFBYIbofd2ng_qkIwvx-fver-Bf8Vkop1AAAA,https://img.58cdn.com.cn/ui9/house/list/lazy_pic.png,1室                        40㎡,"亿旺房产                            
                                                    
                                                                林俊烽",时代公寓,林俊烽,980元/月
免中介费可养宠物时代广场车站大道恒隆广场附近多套精装公寓,https://wz.58.com/zufang/83417457646301x.shtml?compressed_params=H4sIAAAAAAAAA0XLMQ7CMAwAwN9kth0bN4MfwMwDkIUjWiSaQhpV_B421pOuL2FYWFEAJ6KCIiySmYCzEqW5jV7PYQyqUrBkPoFmhdRnX--v4asd4-mPpYa3P_6GygQpfPdLG-9bNUge1_2zVdu-G4-Eo3UAAAA=,https://img.58cdn.com.cn/ui9/house/list/lazy_pic.png,1室                        35㎡,"亿旺房产                            
                                                    
                                                                林俊烽",时代公寓,林俊烽,980元/月
免中介费时代广场，财富中心，车站大道锦绣路附近精装修单身公寓,https://wz.58.com/zufang/83158602563418x.shtml?compressed_params=H4sIAAAAAAAAA0XLMQ6DMAwAwN9kdhKbOIMfwNwHVFYdAZUgQIiq_r7dWE-6tph4z5QyxxxC9kSIKURPQEOMbq69ldEEARGJkREIMg6uzbpNR9dNPn3V91JM643_kYjBmV76qP18FQGn9ry-e5H9B17Rcyh1AAAA,https://img.58cdn.com.cn/ui9/house/list/lazy_pic.png,1室                        40㎡,"亿旺房产                            
                                                    
                                                                王文静",时代公寓,王文静,1000元/月
民航路132弄小区 1室1厅1卫,https://wz.58.com/zufang/49312472638863x.shtml?compressed_params=H4sIAAAAAAAAA0XLMQ7CMAwAwN9kjuM4sQc_gJkHIAtHtEg0hTRC_B421pNurK4ATFUYJSUBopxrQqBIBTEsfY52ck3IIpQZkEoRLmEstt2e0zZ9z4fd1-bW__gblTgGt8POfb6uTWMwvxyfven-BUg9pdZ1AAAA,https://pic4.58cdn.com.cn/dwater/fang/small/n_v2fbae1e7cb17e4e99ac6a800a8e817d6f.jpg?w=240&h=180&ss=1&crop=1&cpos=middle&t=1&srotate=1,1室                        18㎡,,民航路132-144弄小...,,850元/月
瓯海宿舍 1室1厅1卫 配套齐全 电梯房 精装修,https://wz.58.com/zufang/83393812656987x.shtml?compressed_params=H4sIAAAAAAAAA0XLMQ7DIAwAwN8wG4wxDH5A5j6gsmLUpFJCWoKq_r7Zup50fTXxPhOXjCWE4oli5ICegBKiW9rodTKJwJESIScInAhcX3R_vIbu8hmbPtdq2v54DaYMzvTUWxvvuQo4tfv5PaocP5cLXnR1AAAA,https://img.58cdn.com.cn/ui9/house/list/lazy_pic.png,1室                        39㎡,"君勇房屋介绍所                            
                                                    
                                                                王素兰",瓯海宿舍,王素兰,800元/月
,,,,,,,
热推房实拍图片价格实惠 新装欧洲城800至1500 领包入住,https://wz.58.com/zufang/58636055066915x.shtml?compressed_params=H4sIAAAAAAAAA0XLMQ7CMAwF0NtkdmL_Jh18AGYOgCwc0SLRFNIIcXvYWJ_0-uoaJUsuTJLSHAFBKjJPCUwISxu9nlwZhTkzTwKKiBL6YtvtOWzT93jYfa1u7Y-_kVEouB12buN1rUrB_HJ89qr7FyLy06N1AAAA,https://img.58cdn.com.cn/ui9/house/list/lazy_pic.png,1室                        25㎡,"阿洪房产                            
                                                    
                                                                陆桂羽",欧洲城(商住楼),陆桂羽,800元/月
热租房  市区周边精装电梯房公寓，多套，可短租可押一付一,https://wz.58.com/zufang/52243864311683x.shtml?compressed_params=H4sIAAAAAAAAA0XLPQ7CMAxA4dtkjh0bJ4MPwMwBkIWj_kg0hTRC3J5urE_f64srFBLgCBmxADMxJ8JISRDD3EavV1eUC4PgKYVTyRT6bNv0GrbpZzxtXapb-8fzEM4xuB12a-P9qBqD-f347lX3H0igVK11AAAA,https://img.58cdn.com.cn/ui9/house/list/lazy_pic.png,1室                        40㎡,"阿洪房产                            
                                                    
                                                                王维洪",九山佳园,王维洪,1000元/月
人民路电梯房全新装修1000至1500，家电齐全，拎包入住,https://wz.58.com/zufang/58635871036815x.shtml?compressed_params=H4sIAAAAAAAAA0WLSQ7DIAwAf8MZg12cgx_Qcx9QWTHKIjUkISjq78utp5FGM3UxAeJIyTOEMAAREmAAfDBScnNpNT9NYm8iDuy5kxBdnXWbjqab3O2j65JNy1_2IxF7Z3rpq7RzzOKd2vv67ln2HxtqFwl1AAAA,https://img.58cdn.com.cn/ui9/house/list/lazy_pic.png,1室                        30㎡,"阿洪房产                            
                                                    
                                                                陆桂羽",开太大厦,陆桂羽,1000元/月
三官殿巷一室一厅一卫，拎包入住,https://wz.58.com/zufang/81647808714205x.shtml?compressed_params=H4sIAAAAAAAAA0XLMQ7CMAwAwN9ktp3YcQc_gJkHIItEbZFoCmmE-D1sXU-6vhZDYEECYqIJmVNSiZlASWNY2uj1UiwqI2TRjFGSwBT64tv8Gr7ZZzz9sdbi7cT_yKwQih9-beN9rwbBy-347tX2H0VMa1F1AAAA,https://img.58cdn.com.cn/ui9/house/list/lazy_pic.png,1室                        34㎡,"21世纪不动产                            
                                                    
                                                                金惠珍",三官殿巷127号楼,金惠珍,620元/月
水心隔岸路2一室一厅一卫,https://wz.58.com/zufang/83073446939099x.shtml?compressed_params=H4sIAAAAAAAAA0XLOw7CMAwA0Ntkduw4MYMPwMwBkIWjfiSaQhpV3B421ie9vrhG4BwRkBEvkTklyVQQBIXC3EavV9cERMzCOUVOVGLos23Ta9im53jaulS39sffKCwQ3A67tfF-VIVgfj8-e9X9C-2DMc11AAAA,https://img.58cdn.com.cn/ui9/house/list/lazy_pic.png,1室                        33㎡,王丽春,马鞍池西路157号小区,王丽春,1000元/月
随时看房，五马街 人民路 可月付公寓 家电齐全,https://wz.58.com/zufang/83053170517211x.shtml?compressed_params=H4sIAAAAAAAAA0XLOw7CMAwA0Ntk9idOk8EHYOYAyMJRWySaQhohbg9b1ye9vroiSEICEqKCIjHmxBNBpsxhaaPXi2sEhpIYMyGWEjn0xbb5NWzTz3jaY61u7cT_mCRDcDvs2sb7XhWC-e347lX3H7Zsuid1AAAA,https://img.58cdn.com.cn/ui9/house/list/lazy_pic.png,1室                        28㎡,"亿旺房产                            
                                                    
                                                                龙俊",公安路32号小区,龙俊,900元/月
随时看房免介绍 五马街附近 1室一厨一卫 1000,https://wz.58.com/zufang/83247677706331x.shtml?compressed_params=H4sIAAAAAAAAA0XLMQ7CMAwF0NtktlP_xh1yAGYOgCwctUWiKaQR4vawdX3Sa6tnhg5IpBzjxICAJbKMKkhhqb2Vi2chQEdiigMwKYe22Da_um3505_2WItbPfE_EpSC22HX2t_3kimY347vXvL-A2L3mNZ1AAAA,https://img.58cdn.com.cn/ui9/house/list/lazy_pic.png,1室                        15㎡,唐小攀,"五马街23,30弄小区",唐小攀,1000元/月
温州交通技术学校（月付）附近多套房源出租 可短租月付,https://wz.58.com/zufang/83412539500381x.shtml?compressed_params=H4sIAAAAAAAAA0XLTQrCMBBA4dtknQnzkyzmAK49gAxOsBVsqmkovb266urBB6_PrsAgnAtxSgWIkDAWJv4nTG30enHFKFw4IUCRLIShT7Y83sMW3cfLnnN1ayf-DqEcg9tm1zY-96oxmN-2Y626fgH7SgKedQAAAA==,https://img.58cdn.com.cn/ui9/house/list/lazy_pic.png,1室                        39㎡,陈春蕾,瓯海宿舍,陈春蕾,800元/月
温州医学院附属第一医院 月付可短租家电全拎包入住,https://wz.58.com/zufang/83109772540893x.shtml?compressed_params=H4sIAAAAAAAAA0XLOw7CMAwA0NtkdpyfPfgAzD1AZeGIFImmkEaI28PG-qQ3NhMfMlDgwojsU4oJIERmzlBc63PUi0mEQAiE0XuCTOhG0_32nLrLez70vlXT_sffKInAmZ669Pm6VgGntp6fo8rxBb2L6Gd1AAAA,https://img.58cdn.com.cn/ui9/house/list/lazy_pic.png,1室                        39㎡,蒋明星,新街公寓,蒋明星,800元/月
温州医学院附属第一医院月付短租长租都可以,https://wz.58.com/zufang/81964997982683x.shtml?compressed_params=H4sIAAAAAAAAA0XLMQ7CMAwAwN9ktuO6dgY_gJkHIAtHtEg0hTRC_B421pOur2GIylKUSs4FmadJMiEDz0RpaaPXUxhpwVkEigghqKS--HZ7Dt_sPR5-X2t4--NvCCuk8MPPbbyu1SB5XI7PXm3_AjTahTt1AAAA,https://img.58cdn.com.cn/ui9/house/list/lazy_pic.png,1室                        40㎡,"大城管家                            
                                                    
                                                                朱敏",新街公寓,朱敏,1000元/月
无介绍 随时看房 五马街 公园路 蝉街附近公寓 1000,https://wz.58.com/zufang/83247708364506x.shtml?compressed_params=H4sIAAAAAAAAA0XLMQ7CMAxA0dtkto2dmMEHYOYAyMIRLRJNIY0qbk831q_3-xyGoicpoEh0RhEWZELOylLS1EavlzAGEc0MlA9ZhFKffHm8hy-2j5c_5xre_vE4iiik8M2vbXzu1SB53LbvWm39AUcZ6511AAAA,https://img.58cdn.com.cn/ui9/house/list/lazy_pic.png,1室                        20㎡,唐小攀,五马街105号小区,唐小攀,1000元/月
无中介 蝉街 步行街 胜利商厦 第一桥附近 随时看房1000,https://wz.58.com/zufang/83249081594202x.shtml?compressed_params=H4sIAAAAAAAAA0XLOw7CMAwA0NtkthObxIMPwMwBkIWjfiSaQhpV3B421ie9vriiUEYGLDEKMhNzogiUcoxhbqPXqysBXyBJFpGMhTD02bbpNWzTczxtXapb--NvZC4Q3A67tfF-VIVgfj8-e9X9CwMZzIF1AAAA,https://img.58cdn.com.cn/ui9/house/list/lazy_pic.png,1室                        20㎡,唐小攀,胜利商厦(商住楼),唐小攀,1000元/月
无中介 第一桥 纱帽河 五马街附近公寓 随时看房 1000,https://wz.58.com/zufang/83248414055131x.shtml?compressed_params=H4sIAAAAAAAAA0XLMQ7CMAwF0NtkdhN_Eg8-ADMHQBaOaJFoCmlUcXvYWJ_0-uI6ceZcEnGMMgGMWFhOEYkQ5jZ6PbsyAQJOYCkQodBnW--vYase42mPpbq1P_5GRqHgttuljfetKgXz6_7Zqm5f_kzc_3UAAAA=,https://img.58cdn.com.cn/ui9/house/list/lazy_pic.png,1室                        20㎡,唐小攀,融谊大楼,唐小攀,1000元/月
无中介 府前大楼 五马街 牙科医院 晏公殿巷附近 随时看房,https://wz.58.com/zufang/83249049614170x.shtml?compressed_params=H4sIAAAAAAAAA0XLMQ6DMAxA0dtkdqjtJIMPwNwDVBaOgEoQIEQVty-dOn3pSb_OJp594JiIuy55IiSExMS_uKm0mnsTBGJ4UABGjAnY1UnXcW-6yqct-p6zafnjfQSK4ExPfZZ2DFnAqb3Oa8uyfQHKvx2hdQAAAA==,https://img.58cdn.com.cn/ui9/house/list/lazy_pic.png,1室                        20㎡,唐小攀,府前大楼(鹿城),唐小攀,1000元/月
无中介 随时看房 五马街 打铁巷公寓  随时看房  1000,https://wz.58.com/zufang/83247954456925x.shtml?compressed_params=H4sIAAAAAAAAA0XLPQ7CMAwG0Ntkdn6-JB58AGYOgCwc0SLRFNIIcXvYWJ_0xmriY6YauXAI7IEEopiYOVNxS5-jnUwSAZWBkFP0BXBj0e32nLrJez70vjbT_sffKKjkTA899_m6NiGndjk-e5P9C_Zw3FN1AAAA,https://img.58cdn.com.cn/ui9/house/list/lazy_pic.png,1室                        20㎡,唐小攀,解放街后巷小区,唐小攀,1000元/月
无中介 五马街 纱帽河 第一桥融谊大楼附近 1室1厨1卫,https://wz.58.com/zufang/83249232197725x.shtml?compressed_params=H4sIAAAAAAAAA0XLMQ6DMAxA0dtkdpwYh8EH6NwDVBaOCkglQIgQt4et69f7dTLxQJ1HQELsPVGMqQuMkDAFN5ZW88skPgaoB2Yk8hxcHXX5bk0XOdtP5ymbln98DqYEzvTQd2n7kAWc2ue41izrDZBmGAJ1AAAA,https://img.58cdn.com.cn/ui9/house/list/lazy_pic.png,1室                        20㎡,唐小攀,融谊大楼,唐小攀,1000元/月
无中介 自己公寓随时看新县前大楼 解放街附近 1室1厨1卫,https://wz.58.com/zufang/83247933963485x.shtml?compressed_params=H4sIAAAAAAAAA0XLOw7CMAwA0NtktuOYxIMPwMwBkIWjfiSaQhpV3B421ie9vrgiFs5SSGIUZE4pR0IGvhCFuY1er64JmItEASJIKDn02bbpNWzTczxtXapb--NvZC4Q3A67tfF-VIVgfj8-e9X9C2G4izl1AAAA,https://img.58cdn.com.cn/ui9/house/list/lazy_pic.png,1室                        20㎡,唐小攀,新县前大楼,唐小攀,1000元/月
无中介一室一厨一卫洪殿黎明立交桥华馨园花园国贸新南亚,https://wz.58.com/zufang/82332885768412x.shtml?compressed_params=H4sIAAAAAAAAA0XLMQ7CMAwAwN9kduw4cQY_gJkHIAtHtEg0hTRC_B421pNurK4ROEcEZMQamVOSTAVBUCgsfY52cqVKUnIulAgxVwljse32nLbpez7svja3_sffKCwQ3A479_m6NoVgfjk-e9P9Czq6MXJ1AAAA,https://img.58cdn.com.cn/ui9/house/list/lazy_pic.png,1室                        28㎡,张琼,洪殿工业区,张琼,990元/月
五马步行街开太百货名城广场（月付）附近多套房源出租 可短租月,https://wz.58.com/zufang/83412407300571x.shtml?compressed_params=H4sIAAAAAAAAA0WLQQ6DMAwEf5Ozg2InPvgBPfcByMJRoVIJJURVf084cdrRjLYuJp58pMRIw8AeMWAAJqRr3FxazQ-TAJG4F4bgUydXZ11f36ar_NpH30s2Lbfsj4gJnOmhz9L2KQs4tfH4b1m2E3fhgfx1AAAA,https://img.58cdn.com.cn/ui9/house/list/lazy_pic.png,1室                        39㎡,陈春蕾,大同商城,陈春蕾,800元/月
五马步行街温州市人民医院 月付可短租家电全拎包入住,https://wz.58.com/zufang/83109889605978x.shtml?compressed_params=H4sIAAAAAAAAA0XLMQ7CMAxA0dtkjl3bTQYfgJkDIAtHtEg0hTSqentg6vSlJ_02u4LAKCmzIGZgJqaYheWfMNXeysWV4pAQB0RmgEwU2mTL491t0b2_7DkXt3ri7xg5xeC22bX2z71oDOa37ViLrl8bkoz0dQAAAA==,https://img.58cdn.com.cn/ui9/house/list/lazy_pic.png,1室                        39㎡,蒋明星,金达商厦,蒋明星,800元/月
五马步行街温州市人民医院（月付）附近多套房源出租 可短租月付,https://wz.58.com/zufang/83412506509786x.shtml?compressed_params=H4sIAAAAAAAAA0XLMQ7CMAxA0dtktp24cQYfgJkDIAtHtEg0hTSquD3dWL_e74sronAuEgtRQeaUMkVk4CnGMLfR68U1QZ4KC0ohoFOEPtv6eA9b9Rgvey7Vrf3jeWQWCG67Xdv43KtCML_t363q9gNyFAKZdQAAAA==,https://img.58cdn.com.cn/ui9/house/list/lazy_pic.png,1室                        39㎡,陈春蕾,金达商厦,陈春蕾,800元/月
五马街，小南门，马鞍池多套一室一卫一厨家电齐全，可月付！,https://wz.58.com/zufang/58689974097669x.shtml?compressed_params=H4sIAAAAAAAAA0XLQQ6DIBBA0duwHpAZYDEH6NoDmEmHiCYVWySNt29dufrJS35blC3ZQDEhOZcsokcPiZCumFJ7yw_lARO4gADgvY0BTCuyze8uG3_7S9Ylq9Qb_0fACEblkLH2zzMzGNHpOPfM-w9ojNEtdQAAAA==,https://img.58cdn.com.cn/ui9/house/list/lazy_pic.png,1室                        25㎡,"优家盛开                            
                                                    
                                                                陈伟","马鞍池东路12,14号楼",陈伟,900元/月
五马街县前头多套出租一室一厨一卫清爽装修30平方租金100月,https://wz.58.com/zufang/55746724123046x.shtml?compressed_params=H4sIAAAAAAAAA0XLMQ6DMAxA0dtkdmKc4MEHYO4BKquOCkgQIESI25et63_6dTLxGKFHThwCe6KOALBj5gjJjaXVPJhg8EjIj1DCENHVUdfv3nSVqy06T9m0_ONzJOrBmZ76Ku34ZAGn9j7vLcv2A7D9UPx1AAAA,https://img.58cdn.com.cn/ui9/house/list/lazy_pic.png,1室                        28㎡,"五马好日子房产                            
                                                    
                                                                刘赛华",县前头小区,刘赛华,1000元/月
五马街县前头铁井栏一室一厨一卫精装修家电齐全租金1000月,https://wz.58.com/zufang/58327181003926x.shtml?compressed_params=H4sIAAAAAAAAA0XLPQ7CMAxA4dtkdvzTmMEHYOYAyMIRLRJNIY0Qt6cbb_yk15ewDDJlBBTEUxZh1okKgqJSmtvo9RxGwqRUWBnLEaY--3p_DV_tM57-WGp4--NxFFFI4btf2njfqkHyuO7frdr2A6YtmrV1AAAA,https://img.58cdn.com.cn/ui9/house/list/lazy_pic.png,1室                        33㎡,"五马好日子房产                            
                                                    
                                                                刘赛华",铁井栏小区,刘赛华,1000元/月
五马鹿城周边 电梯公寓,https://wz.58.com/zufang/59331593086652x.shtml?compressed_params=H4sIAAAAAAAAA0XLMQ7CMAxA0dtkTu04jgcfgJkDIAtHtEg0hTSquD3d-OOTfl9cJy6CyHAmE1FKlCQBF8olzG30enHFzJAiAEYBxiyhz7Y-3sNWPcbLnkt1a388D6YSg9tu1zY-96oxmN_271Z1-wH2M2CgdQAAAA==,https://pic4.58cdn.com.cn/anjuke_58/d301af63b83e1324dd07cdcf272bb744?w=240&h=180&ss=1&crop=1&cpos=middle&w=240&h=180&crop=1&t=1&srotate=1,1室                        19㎡,"扬舲公寓房产                            
                                                    
                                                                田健",鹿城路34-36号楼,田健,998元/月
五马水心公寓，自己房子出租，拎包入住，户型可选，商住两用。,https://wz.58.com/zufang/59972867965187x.shtml?compressed_params=H4sIAAAAAAAAA0XLMQ7DIAxA0dswY7BjM_gAnXuAyiqoSaSGtARFuX3Z-scn_bZkBZYUI4dRAiJEwoSBhSZxc-2t3LJGHi6EQBAmD-LabNvr023Ts79tXUq2-sdxMIl32Q671_59FvXO8uO49qL7D4Srldp1AAAA,https://pic4.58cdn.com.cn/anjuke_58/4a6ffd11cb00c853e6353607ae5f7ccc?w=240&h=180&ss=1&crop=1&cpos=middle&w=240&h=180&crop=1&t=1&srotate=1,1室                        25㎡,"扬舲公寓房产                            
                                                    
                                                                田健",鹿城路34-36号楼,田健,998元/月
五马水心周边 自己房子 押一付一 电梯房 拎包入住 朝南,https://wz.58.com/zufang/59330294932015x.shtml?compressed_params=H4sIAAAAAAAAA0WLSw7DIAwFb8MaMOaz8AG67gEqq0aBSA1pCYpy-7LL24w0o9erkAkxAQQ7lwyic-iSsyGij6q00fNDCPzs4PWE8ZCs6oW35Tt4o3N8eK1ZuN1yPgJGrYQPfrbxe2fSiuV1XHum_Q9xizL5dQAAAA==,https://pic5.58cdn.com.cn/anjuke_58/84254413387bd21b31a605b49572829b?w=240&h=180&ss=1&crop=1&cpos=middle&w=240&h=180&crop=1&t=1&srotate=1,1室                        19㎡,"扬舲公寓房产                            
                                                    
                                                                田健",鹿城路34-36号楼,田健,900元/月
五马小南路 自己房子 押一付一 拎包入住 管家服务,https://wz.58.com/zufang/83181213279834x.shtml?compressed_params=H4sIAAAAAAAAA21Sy47iMBD8G27ZiQl5cECrYZIds-HhgIkxF5QHEJKxAQcnkK_fZkarlUZ7sNpqu7qqq7s-5SNk2g7qm3273x8i2x4MPMdy-6bX96xecdb1fpKPBubAtey-Y9uO5ziO3auLRB6vOpGjVoukPO3z5PwvCQjX9sxentyS1VmrbD_q927AdXD2g8xObGM4yFNjcPAsw0tT13C8fXqwkJsfUtRL8t3tcdmPynvvY38E-Mfo5eV5yz5OWfXD9n5kZ_FSanH5eUvUcX8b1d11uhlbuUoWbN3ww2a2LMRjMavREEk8jCTzkWTmQpWSb5IFumzbeE3dtMbDSuB5pDEZ1w9hiYeMSWlyceILzYaofsy5ZpTLJugEMyM59C1VznOJKNQNKoJEo6gfkpJygmQumcgJFhZhoiGBP5UlrSg2K4ihPFWRDEAHojuJZFSXZq6eeWxy0BUBvgPcVFY-p3Nd1suwrDeb2Wx1yQ6rk-WtHpmxGju_VeHEm8syVvBW-RHFMhSPaHdsWkMXbr7etncxbbt76e90sXQm22Wnl1djsw3v3_7dQE8MBzSkkcJZJ9l8KnHGFXimsOAq8Bt6JG8X_BbVr-_vYj4xFJtX0r1FX70BtgnAV3NBEI1VGTSk41zgtKuxkRKUQS5FpJhXpCFjgVsGmAXwAVeWE_Sci19JLCBm33VMFfYb8GoBvv_1L5SJVT15ZGk-_QrpiYcU8kHjwLkeNXJVsCRNllx_TXx3ul6SUCN-pVhUNfO7msmmZulTO-yFhF5BMx5aBIOewK-gFswGfD3GgAFtJUzsM_o5cIaaaYO8yhz2Jla4TcWY889dwc4YdiQmzDFEAf3gSaqLLKJfNUNJ_zP7wPUmMBP6yDgpdCFZy577o0sXVIo_OSBYNp4DAAA=,https://img.58cdn.com.cn/ui9/house/list/lazy_pic.png,1室                        25㎡,"扬舲公寓房产                            
                                                    
                                                                李天",小南路82号楼,李天,999元/月
五马小南路 自己房子 押一付一 拎包入住 管家服务,https://wz.58.com/zufang/83205397919965x.shtml?compressed_params=H4sIAAAAAAAAA0WLQQ6DMAwEf5OzY-JgDn4A5z6gsuqogAQBQoT4fXPraaWZ2TKbeKDoEZAQB08UAseuR2Dkzk25ljSaBCBoAnmI3BZcmXT7HlU3ueuqy5xM8x-2R0-tMr30lev5SQJO7X09e5L9B23_M8F1AAAA,https://img.58cdn.com.cn/ui9/house/list/lazy_pic.png,1室                        25㎡,"扬舲公寓房产                            
                                                    
                                                                李天",小南路82号楼,李天,999元/月
五马小南路 自己房子 押一付一 拎包入住 管家服务,https://wz.58.com/zufang/83205397919965x.shtml?compressed_params=H4sIAAAAAAAAA2VSy7KiMBD9G3fOJYI8FtaUTrgVL6gBo4gbi4eKwUQlBsWvn_bOYqpmFlRT6cc5fU6rUzlCpm24pud4g4GHhkNraBim5XmebTi96qLVflqOLGNoWJY7cD3bhWj0VJXJ401ncvTQIuOnfZld_j5ChzOEqjK7Z8uLbor9aNC7A5Zp2aXpGoe-PbCHfct13b6XZ_t-6RqeNTjkB8c69LJyd--u-xF_9s77I7SfRx8f77_ifCrqH0P3R3ERH1yL68971hz395F63cLNxCybbJGs2vSwmcWV6BYzhTwkE1ZKlIcNwYuGiHKTLdB1-1ivmJMr8pmLSpi0FaHqnIlExZpy3OpJaYukMBXxU81zkyZeSNFjQhk2Gz6HeQxJ4tcUibZhOKAcMLifNrwwAcOk3Dclw6HkrGbEqCEG8lRH0scIencSyUhxo2ze78SAPhlRyFBULKSHUzbXXMUBV5vNbLa8FoflyXSXXdFfTuyvprLXm2u8biBX44gRPxBdtDu2j76unHK1fTxF-Hg9Od7pKran2_il49tEHGn_2Dq7lXPLdaftaRelUBMoggMG2oBOtSTzWiIcwW5tQ1hJkyKgnoOu4_wsT9HXtXO2mvyCXYOnJFDP3vhiobv5SyfzWpF5Kiu8pmP50llpN-O4UkRP6PitrREKMg8lcG5IAZpgmCMB663vG1cs_uUBmqSSi1ACD8jt5DdX5koCWiW4plwE7JQGzMeB39rw3Y4aOY0f07bIbp9T7ISrmAYapTfgWasEv1QiW5Xk4Avsmci0gV0p8UxKipL6uIZZ4A3sdVxDDwae4Nh3fPM1Aon8VnNpyrFYgz4tPaXgnwe30p-Ibr7W3Kth5ktXnxXcTMX-zAxAq_-99x0XfNiBhy_ZFSlttQ3awH3B_q3_G9lXgL2eAwAA,https://img.58cdn.com.cn/ui9/house/list/lazy_pic.png,1室                        25㎡,"扬舲公寓房产                            
                                                    
                                                                李天",小南路82号楼,李天,999元/月
五马小南路 自己房子 押一付一 拎包入住 管家服务,https://wz.58.com/zufang/83181213279834x.shtml?compressed_params=H4sIAAAAAAAAA0XLMQ7CMAwAwN9kdhzbSQc_gJkHIAtHbZFoCmmE-D1sXU-6vrrGiXJkiAVxiszEnAiBUkYMSxu9XlwJKCdGYZYiIhz6Ytv8GrbpZzztsVa3duJ_ZC4Q3A67tvG-V4Vgfju-e9X9B8Xw5ht1AAAA,https://img.58cdn.com.cn/ui9/house/list/lazy_pic.png,1室                        25㎡,"扬舲公寓房产                            
                                                    
                                                                李天",小南路82号楼,李天,999元/月
五马小南路周边，精装公寓，无中介自己房子，温馨一室，实景实拍,https://wz.58.com/zufang/82619207008602x.shtml?compressed_params=H4sIAAAAAAAAA2WRXXOiMBSG_413tsYAgQtnp93QiQuVYKOR3jgIVAQTFQwKv36P3Yud2WWGyZnkfLznfdpDPkPE9TAmU_g8ZNuWZVueNSWu7bij8mTaYp7PsEdsC9mujSfYsifWqC1Tvb-YVM9uRqXVocjT099LqCC2Oxnl6TX9OJkmK2bT0RVmeWSHMzfbjQtE8NhCGI9TYn-NEZ66yLKm0yKfjtJ8e-3Pxay6j47FHsqPs-fnR5QdD1n9ZLtP2Uk9V0adf1zTZl9cZ-1wCTevOG_SSK665GvzvixVH723yBu4pJGWItSVwFyKYZNG6Px5W68E2bVMR6bMEl6qsGW045W35i98p4ck0p1x2l5hzZxXI4ljpELcp7ipFrlGAmnm1xyprhE00GgXcubHnHnfb7xa1FzQx8xasEkNZ6APdax9iuB9q5GO22qSN497NkmaSscc6VrLyaAFRWJhqpYtcFRMP44qfWuXQdVuzst1s3l__yjLsVs6a5_GgtFA9fF2393GpiT56vN2V-FtuFd0a8qlM_9cDmZ5eVV7Pt53ZLsil53pjTPv4wRyAtg5gB7gD8259AeYn_NKJc1Ds_QD7hF0ftkd9SH-de7Jp2E_c10Fd81EDTpj0b85ugSPSorAy0RJtYbd8bd_L0RC_xr2i1Tpd0bS0IDmhmXgk0q0zEJgg4BJ1DAv-VcH5HVaKvBFPTRu9bdW4WqYA_Ux5AXikATCp4HfOfBf9gaRxl_yLksvb3NKwtWSBwYlF8FU3Uo6tFJ3rdwBExprqWFPvwNmmLMsB7Y19AIusNd-DTWgvQJa32c2QBw0bP6qO41Vl60NA75DkoAe1PY05L1aQzw0FU045JveH8SfnsGD6X_cfeICh63oM6TlW8nRIjIvC_AGZlTZqCm-iuagv04z9BudhlqqpgMAAA==,https://pic3.58cdn.com.cn/anjuke_58/dbf662b6222a7525245edabff6fe683c?w=240&h=180&ss=1&crop=1&cpos=middle&w=240&h=180&crop=1&t=1&srotate=1,1室                        25㎡,"扬舲公寓房产                            
                                                    
                                                                李天",小南路82号楼,李天,998元/月
五马小南路周边，精装公寓，无中介自己房子，温馨一室，实景实拍,https://wz.58.com/zufang/82619207008602x.shtml?compressed_params=H4sIAAAAAAAAA2VRXXOqOBj-N955SgwQuHDO1A2d9EA1YBTpjQPEitCkSgwWf_2-di92Zvci82bez-fDnOQcocAjYYDD2SxEnue6ZIaR53g-xpPmy5rDq5zjkHgu8gIPO9j1HHdimlIfL7bU85tVZXs6yPLr3yRMEC9wJrK8lusv29eH-WxyhVvSkbKsMJoSl3hTd-biafkh3Sn-8IiHQ6_2AjIp5f46ng_z9nvyeTjC-Of86enxqz9PdffLC37VX-qpter8-1r2x8N1bu6XZLfAsi9X-WYoPnZvWaPG1ZtB4Z3ndKVzkehWYJ6L-65cofP7bbsRpDJMJLyN0r51VmbUhWZiy1u7sItipZplYdhLpQYqeev7dtQrKyju26XUSCDNoo4jNfSCxhpVCWdRyln4U-PtsuOCPm52gjkdxFifulRHFEF9r5FOTevI_pFnTtG3OuWQ46ySOqR3sbStyeLW7HZvb-tz_bE-4WA91tP1wv_TN_52d862PdQ6mgpWx2pM98fhNrUNkZv327dKbvfvlu5tk_mv79ndZpeFOvLpcSD7DblUdrT-65gW0BMbRmPBHhoBzzy669wBvqroH7jzKOYhQefn6lOf0j_nkbxb9pfUbfwNWnVawH3QrR9rpPKqMyxrbBtu-TPtbAkaDi--YWGhkMJ6oNg29Qr0SntWA1dV6LxOwB8Evqx66PsvDugbdK5AG_XAuNc_WEWgmS5gPoW-WJyKWEQ0jgYf3uVoEemjjA91eXl5pSTZZDy2qLgIpjqT07vJ9WAAK-xLdQ7YWTSAb5izWvKIdrALvAFexy3MUPAOHPuJFHg7sW3jyj6ThUZ0y1GU8FMBPCJkRgLco60elORoiXqW5bA3Ef_sjEGr_3sfkQB82IvRLhTzF6rhj5fzkcJO52_jqU4qngMAAA==,https://img.58cdn.com.cn/ui9/house/list/lazy_pic.png,1室                        25㎡,"扬舲公寓房产                            
                                                    
                                                                李天",小南路82号楼,李天,998元/月
五马小南路周边，精装公寓，无中介自己房子，温馨一室，实景实拍,https://wz.58.com/zufang/82341193118556x.shtml?compressed_params=H4sIAAAAAAAAA11Sy3LiMBD8G24kFsIPHaitEDklYsCyEa9cKL_AyLECFjKYr99xLlu1B1nWSDPd09P6nE8Q8myXeJiMRgTZ9njsjjCyLdvBeFD-GF3M8gkmGF5YlmtbBBHXGegyUaerSdTkbupEnos8-fkXhAzX9qxBntyS1Y9psmIyGtwAa3x0isT2yHDsJcfh-EhGQwL4w7TwXHR0vcLJySDJD7fuUkzkY_BdnCD9e_L62v9l3-eserG9l-ynfpWmvvy5Jc2puE308zrfTXHeJOF23e6Pu0Vc1l240Ig8FfIjxVKkGMWcLdtdEqLL132zFm6qmZhz6UeNtELdqb1iYsOlmZrpPqzL5V6zj7Ruac6l45hOhUZQ3MhlrpCAen7FUd02ggYKpahhBCkJ9ZgIAW_OCZ3DuRLMqmAP1LmKlE8R5B4UUpGWVt70cWbtG6kiDjHO0lwRisTSSB0HUu92i8Xqkh1XZ-ytumy4mjqfTelsdpd408BdRSPBsqDuosOpvQ9N6ebrr_ujnt-fD0kPpoyd2Vf8NPF1Wp_48NS6h7V7TU1nnFkX7eFNoBkNBKM95yesVm2X84alWCHoG2pz4qLLW_qtztHnpXO_DHvPlQweoFWlRI9_d3hbgy5-pLuszwMNudMk-9CUH1vNagw1qxrFJZwd49Oo6fG2NOTbLO-154xGCvL_44HhvtfzqSTpOR7UL1fhKZaBjssQZpsLn25gBWLJ3_0lP8atFbHUZbOpOJ5P92DW5szvrKvt01YlOFJTjPgUhz33vg6X6Z4DFsz1Cf4IVD_P31m5xcPvecGsq98d5iPm0G_JQVfOSKiZj-uu3vC3OlTgmd5juvsYQk-R2VrYMJM2wK2vCbzBJ6rSEr7nCvoi4A0arBfxAby4BQ1ysxWAQ5Fhbqm6u_MXBGOrk58DAAA=,https://img.58cdn.com.cn/ui9/house/list/lazy_pic.png,1室                        28㎡,"扬舲公寓房产                            
                                                    
                                                                李天",小南路82号楼,李天,999元/月
五马小南路周边，精装公寓，无中介自己房子，温馨一室，实景实拍,https://wz.58.com/zufang/50641012821256x.shtml?compressed_params=H4sIAAAAAAAAA12SXXOiMBSG_413tATK14WzUxu2cVEIiiK9cQLxKzTRgkHh1-9xe7EzvWACb3JO3vO8tCc-RqbjIsu0HMsKkOO8vPiu7Vmmb_n26HjW7W7Kx5bjmqbpBY6HkO17aNQemTp8aabGNy2ZOO04O_8XocJzfHPE2ZUtz7qpdmNrdIW7PM8zncBChuNYpvGyR8wovfLFKCtW7U3m7KydPWJ8e-0vu7G4jz53Byj_HD8_P96qz1NVPzn-U3WWz0LLy68raw6767gdvmabic0bluSrrthv5ouj7JN5i-Ka5mGqBB4aUaUqj7sNS9Dl47ZeZV7ZkqCWJE41oZO2l7bs1ZoKs5CnItF5gNo-LnSeFaoLB5mbqQqw3YiYK5QhRcKaItk1GY4efZXI4LvkFOFUoWCmQjx7aBkxa1gjdapT0BDUbhVSaStM3jx0YhaNUClFaqC5nKka8yzWol1Eot1s5vPlpdovT7a_7CtjOXH_NEd3vbks1g3s1TjNiIpkn24P3c3QR4-vPm53ObsNd4G3-rhwpx-LQS--jM1HdP9x7gp-1vCAh3IAjyklcL8IYZYSqTxLaIC77EDfLuQtbV_f32U8NZo8rpV3Tb9nw5E8VrbOcU07CexuR8UKYFbabV91jQjXwCttHqxI0Mm8BL84gd61InFHUQYsIRdU2ZDTDx9xqggGnlXRPDx-84sUs-tG4ARY2xTYt6BloScu2BMrPp2rOInimQzawijCw3QdF97cIUVE88xXpPIVkn5DHtzxoFCYUCEhh4BDhjwDHfxtYS_azAo4Az6R-l4J_Es1nlFkwizg81RwSqq6JTBzj9cyn04o4xPZebnOI5f28aAhm389QwysoBOrIX-8pSi2VQbZ9QlfvdaRhpn1629XkpLLXJea3Fya_QWYnVylnQMAAA==,https://img.58cdn.com.cn/ui9/house/list/lazy_pic.png,1室                        25㎡,"扬舲公寓房产                            
                                                    
                                                                李天",小南路82号楼,李天,999元/月
五马小南路周边，精装公寓，无中介自己房子，温馨一室，实景实拍,https://wz.58.com/zufang/82651507746141x.shtml?compressed_params=H4sIAAAAAAAAA2VSTZOiMBD9N97cISKEHKytccNUZmA0YBSZi8WHI4ZJRsGg8Ou3dQ9btXugmuqP1--9TnssZ8h2Lc8mmEwmBDnO1LEse0oIcS08qr5Nu38tZ_ey40AeTxFxHTxqq0wfzibTs6tRmTzuy-z7bxImsONZozK7ZKtv0xT72WR0gV3Y8iaOlZNxPpkW4ymxvLEH68d5OfWcvTNBn04xysrdpT_tZ_I2-tofYPxr9vR0_yu-jkX9w_F-FN_qSRp1-nnJmsP-MmuHc7id22WTLZN1l35u3-NK9cv3FpGBJ4uIMxFy5Hea-dE2W6LTx3WzFjhv2UuuKmXzToVtj-caFRsuaWfmpauSwm6ZnxqZ2zwhMH-dc0HtRi5KjQQCrJoj1TWCBhrlYcMgL3UKe6KGqZLXNNRS1IJZNcRAH-tI-xTB7E4jHbXSKpt7nllpI3XEocJRsdSEIrEwso0D2W637--rU_G5Otreqi_Gq7n71lTuZnuKNw3UahoJ5geqj3aH7jo2FS7XH9ebCq_DTdKdqWL39SMeTHyeqwMfHzq8W-NzbnrjvvZRCj1By2ggGF3qRNSaLYAFXXJZhKBpyZEIOMHo9Jx_6WP0durxh2G_QGdw0wz6xX0_TfWzPygWg58E8ecFeGjZ-pjaRhLwUABOHj70ST-8zzSsAE8o-KgHiKmWPvipw395NAx8SRa2Tvw7x51-cBUeeD9w-egLxDENhE8Dv3PhOx8Mwo0f867Izi-vFIfrmAcGpWfBVN0mdGgT3bVJDnehkU502jC_44zYnBUl92kNWHAb0HXYwAwFnnCxRwS-0grAE-CzqFWSb-CNpGpIAUPYD-2J2KjKh3vGY8CLTBIn4g9mALr_v72PPbjDTvTYNezFNRUdgEtpkvtbIL8BHkKg8Z4DAAA=,https://img.58cdn.com.cn/ui9/house/list/lazy_pic.png,1室                        25㎡,"扬舲公寓房产                            
                                                    
                                                                李天",小南路82号楼,李天,699元/月
五马小南路周边，精装公寓，无中介自己房子，温馨一室，实景实拍,https://wz.58.com/zufang/50641012821256x.shtml?compressed_params=H4sIAAAAAAAAA2VSTXOjOBD9N74xQSZGcHBNjVeklIEYgWXL5OICyTGISLGRhYN__cqzh63aPXS11K3XH-_JdGIJgtCPghjG83kMFovnhe8Hz3Echz6ctV_WHF_Fcr4Ifd-H8QICEEQQzExb69PF1np5s6qW3VHUX_8GHQIuIn8m6mu9-bIDPy7ns6vrFdVRDWoeedDnwHv-mNdeJJrQEz7kz_NjHIk5mNXicJ3Ox6X8nn0eTw7-uXx6epz4Z8f7H4voB_9ST9Kq889rPZyO16W5X7L9KhBDnbPtWH3s38pWTfmbAeuesKTQEt0HyQvN1uO-zsH5_bbbUtgY_NKoVgVkVJmZ4EoDviMSjXYlQsV4YHBSWdkEhMUZAbcVoSgY5FpoQIHGSU-AGgeK0kddLam7N4IAVGgQZzpB2SNGsd87n-quL1wMOOxBA10Y6YvhEcd-NUhdEJchgOc6RoKurTRlKs1-__a2OfOPTRdEm4l7m1X4e2jD3f5c7gaX61FBcZKqqTicxptnWyi277dvld3u3xIdbFuGr-_l3ZaXlToR7zTCwxZeGjvZ8HUqKvcmNRilFKNcM9prvB4JoBVhNHdc9ANWKYkhOP9qPnVX_D5P8N3iv4SW6bfG7j11_SeeKfwSEklzx6FHpHYcEo90IiRsnRsMGWltY7F2vKHA7VcMmDtOkCDM7wnWd-1skKr6zxxCY1QQ7N-JbB4zHvSfWWmkMXc6JLnDpbSrUpqgNBlDZ5eTBXBISjLy-vLyimC2LUlqQXWhWPWGobthejSscbo4nZiuBpyMBMcBwVyQBPWultPG7XXaOQxyczrF_njk9vbT4RcKFIahAvGOgJTprqosewkNDhvF1M5KmimQ3C1uAuv-HP2nZuq4-r_2CYycDgc66VGPJVMPfkbYur1GBfTfj0OlPZ4DAAA=,https://img.58cdn.com.cn/ui9/house/list/lazy_pic.png,1室                        25㎡,"扬舲公寓房产                            
                                                    
                                                                李天",小南路82号楼,李天,999元/月
五马小南路周边，精装公寓，无中介自己房子，温馨一室，实景实拍,https://wz.58.com/zufang/82619092008669x.shtml?compressed_params=H4sIAAAAAAAAA0XLMQ6DMAxA0dtkduKY4MEHYO4BKquOCkgQIESI25et63_6dTLx2EGPnDgE9kSRADAycwfJjaXVPJg8TBG8R4SAAcnVUdfv3nSVqy06T9m0_ONzJOrBmZ76Ku34ZAGn9j7vLcv2A590Lql1AAAA,https://img.58cdn.com.cn/ui9/house/list/lazy_pic.png,1室                        27㎡,"扬舲公寓房产                            
                                                    
                                                                李天",小南路82号楼,李天,699元/月
五马小南路周边，精装公寓，无中介自己房子，温馨一室，实景实拍,https://wz.58.com/zufang/50641012821256x.shtml?compressed_params=H4sIAAAAAAAAA0XLMQ6DMAwAwN9ktkOMzeAHMPcBlVVHQCUIEKKqv2831pOuLq5I0hGDYIwDEiXCFDH1kojDXFrNo2ukHgB4IEbshDHU2bbpaLbpp632XrJbufE_mASC22WP0s5XVgjmz-u7Z91_-SP2IXUAAAA=,https://img.58cdn.com.cn/ui9/house/list/lazy_pic.png,1室                        25㎡,"扬舲公寓房产                            
                                                    
                                                                李天",小南路82号楼,李天,999元/月
五马小南路周边，精装公寓，无中介自己房子，温馨一室，实景实拍,https://wz.58.com/zufang/82619171547613x.shtml?compressed_params=H4sIAAAAAAAAA0XLQQ7CIBAF0Nuw5sNMoYs5gGsPYCYOkZpYqpQ03r7u3L7k9cUEnCMnnxHCDGZiUABNmTi52kYvF5M4JyYggnwgmuB61fXxHrrKMV76XIpp--NvJM7eme56beNzL-Kd2m3_bkW2E26CCsJ1AAAA,https://img.58cdn.com.cn/ui9/house/list/lazy_pic.png,1室                        24㎡,"扬舲公寓房产                            
                                                    
                                                                李天",小南路82号楼,李天,950元/月
五马小南路周边，精装公寓，无中介自己房子，温馨一室，实景实拍,https://wz.58.com/zufang/82341193118556x.shtml?compressed_params=H4sIAAAAAAAAA0XLMQ7CMAxA0dtkdhK7jgcfgJkDIAtHtEg0hTSquD3dWL_e74trREYuGTAliURIqaBMiTJQmNvo9eKaJctJgAkkCk-hz7Y-3sNWPcbLnkt1a_94HkwFgttu1zY-96oQzG_7d6u6_QAuQa6ldQAAAA==,https://img.58cdn.com.cn/ui9/house/list/lazy_pic.png,1室                        28㎡,"扬舲公寓房产                            
                                                    
                                                                李天",小南路82号楼,李天,999元/月
五马小南路周边，精装公寓，无中介自己房子，温馨一室，实景实拍,https://wz.58.com/zufang/82619207008602x.shtml?compressed_params=H4sIAAAAAAAAA0XLPQ4CIRAG0NtQDzCfQDEHsPYAZuKQ_UlcVllivL3b2b7k9cXEc-KUI3EIxQOMkLlcAiLBzW30ejWJJYE98omRQez6rNv0GrrJZzx1Xapp--M5EjI500NvbbwfVcip3Y_vXmX_Ad0fYIZ1AAAA,https://img.58cdn.com.cn/ui9/house/list/lazy_pic.png,1室                        25㎡,"扬舲公寓房产                            
                                                    
                                                                李天",小南路82号楼,李天,998元/月
西城路农贸市场附近多套单间独卫带烧饭，家电齐全，可月付！,https://wz.58.com/zufang/83369154186971x.shtml?compressed_params=H4sIAAAAAAAAA0XLMQ6DMAwAwN9ktlMbJ4Mf0LkPqCwcFSpBaEOE-H3Zup50bXZFTjcWSBhjRmZipIg0JGIJU-2t3F0JBAkyZLwYo4Q22fr6dFv16Iu95-JW_3gN4QTBbbdH7d-xKATz535uRbcfHbz063UAAAA=,https://img.58cdn.com.cn/ui9/house/list/lazy_pic.png,1室                        35㎡,"优家盛开                            
                                                    
                                                                陈伟",西城路87号院,陈伟,1000元/月
西站免中介费美美时尚广场对面1室1卫1厨出租,https://wz.58.com/zufang/81648820400093x.shtml?compressed_params=H4sIAAAAAAAAA0WLMQ7DIAwAf8NsDAZ38AM65wGRVaOSSg1pCar6-7J1ueF01zcTD5Q8AhLixRPFyClkBEYOrrbRy9UkMM0khZR9jhOuV93vr6G7fMZTH1sxbX85j0wMzvTUpY33rQg4tfX8HkWOH12OW9R1AAAA,https://img.58cdn.com.cn/ui9/house/list/lazy_pic.png,1室                        20㎡,"新贵物业                            
                                                    
                                                                潘新平",杏花长运安全小区,潘新平,700元/月
现场实拍，免费看房广化桥一室一卫一厨一厅880起家电齐全,https://wz.58.com/zufang/83050258271322x.shtml?compressed_params=H4sIAAAAAAAAA0XLMQ6DMAxA0dtkdlLbIYMPwNwDVBaOgEoQ2hAhbg-dOn3pSb_OJp595C4Rh5A8ERJCYuJf3FRazb0JwgMoAXpkDhzB1UnX8dN0laMt-p6zafnjfUTqwJnu-iztO2QBp_bazy3LdgHvlSPldQAAAA==,https://img.58cdn.com.cn/ui9/house/list/lazy_pic.png,1室                        35㎡,徐琼敏,西城路87号院,徐琼敏,950元/月
新街公寓 1室1厅1卫 电梯房 配套齐全 精装修,https://wz.58.com/zufang/83393798083675x.shtml?compressed_params=H4sIAAAAAAAAA0WLSwqFMAwAb9N1qk1qFzmA63eARzDFD2jVWsTbqys3MzAweVS2ZD01AamqgkV06CAQ0iszpJJjq-zAO6QaLRDBA5MHWfqtyMJnmWUao0r64nN4bMCoHPJLZe8igxH9H9caeb0BNjx9DXUAAAA=,https://img.58cdn.com.cn/ui9/house/list/lazy_pic.png,1室                        39㎡,"君勇房屋介绍所                            
                                                    
                                                                王素兰",新街公寓,王素兰,800元/月
新县前大楼 1室1厅1卫,https://wz.58.com/zufang/83197702740187x.shtml?compressed_params=H4sIAAAAAAAAA0XLMQ6DMAwAwN9kthObJIMfwNwHVBaOCpUgtCFC_T1sXU-6tpggJo45hex9Rmai6AMy8BCCm2tvZTQhoEw3wBARAJNrs26vT9dNzr7qeymm9Y_3iJzAmR76qP07FQGn9jx-e5H9AoN7p3d1AAAA,https://pic5.58cdn.com.cn/house/image/publish/house/image/publish/n_v341a638b7aeba44799ca842c9f8e5c339.jpg?w=240&h=180&ss=1&crop=1&cpos=middle&t=1&srotate=1,1室                        25㎡,,新县前大楼,,800元/月
晏公殿巷16弄小区 1室1厅1卫,https://wz.58.com/zufang/83382412192989x.shtml?compressed_params=H4sIAAAAAAAAA0XLMQ7CMAwAwN9ktuPYSQY_gJkHIAtHtEg0hTRC_B421pNurK6IhXMtVGOsyJxSjoQMLERh6XO0k2uCTAiCKCKJIoax2HZ7Ttv0PR92X5tb_-NvZC4Q3A479_m6NoVgfjk-e9P9C9JdrT11AAAA,https://pic3.58cdn.com.cn/house/image/publish/house/image/publish/n_v338a50308a2724e9082d527a7a134083d.jpg?w=240&h=180&ss=1&crop=1&cpos=middle&t=1&srotate=1,1室                        30㎡,,晏公殿巷16弄小区,,1000元/月
晏公殿巷16弄小区 1室1厅1卫,https://wz.58.com/zufang/82705906526043x.shtml?compressed_params=H4sIAAAAAAAAA0XLMQ7CMAwAwN9kju26sQc_gJkHIAtHtEg0hTRC_B421pOur2EAwkWFFFGBeZoKEnDmmSgtbfR6CiOVmYFIAYUwY-qLb7fn8M3e4-H3tYa3P_5GYckp_PBzG69rtZw8Lsdnr7Z_ATlNKmh1AAAA,https://pic4.58cdn.com.cn/house/image/publish/house/image/publish/n_v375696c7debf94aa5a79bbf80b272e8a1.jpg?w=240&h=180&ss=1&crop=1&cpos=middle&t=1&srotate=1,1室                        40㎡,,晏公殿巷16弄小区,,750元/月
"晏公殿巷47,75弄小区 1室0厅1卫",https://wz.58.com/zufang/60096032379683x.shtml?compressed_params=H4sIAAAAAAAAA0XLOw7CMAwA0Ntkdhwbx0MOwMwBkIWjfiSaQhpV3B421ie9vniJMbNoToqokZlIMEUGvqQU5jZ6vXpJIoAMxEoEETX02bbpNWwr53jaulS39sffEM4Q3A67tfF-1ALB_H589lr2L1V0lMB1AAAA,https://pic4.58cdn.com.cn/house/image/publish/house/image/publish/n_v344aa96aea79142719efc3917c7be134f.jpg?w=240&h=180&ss=1&crop=1&cpos=middle&t=1&srotate=1,1室                        20㎡,,"晏公殿巷47,75弄小区",,800元/月
扬舲连锁公寓 温州人的浪漫,https://wz.58.com/zufang/59597804400396x.shtml?compressed_params=H4sIAAAAAAAAA0XLMQ7DIAxA0dswg7ExDD5A5x6gsmrUJFJDWoKi3L7Z-scn_T6bBM4lRoarEogQCQsCZ0rZTW30ejOJ7BMyA5cQAHxyfdL19Rm6yjHeuszVtP3xOpiyd6a73tv4Pqt4p_bYz63K9gMD29tLdQAAAA==,https://pic1.58cdn.com.cn/anjuke_58/68c54de586da9adf9469da27a3059ee1?w=240&h=180&ss=1&crop=1&cpos=middle&w=240&h=180&crop=1&t=1&srotate=1,1室                        15㎡,"扬舲公寓房产                            
                                                    
                                                                田健",鹿城路34-36号楼,田健,1000元/月
阳光充足 采光好 独立卫浴 房间宽敞明亮,https://wz.58.com/zufang/82630020885466x.shtml?compressed_params=H4sIAAAAAAAAA0XLMQ6DMAxA0dtkNg5O4sEHYO4BKquOCkgQIESI25et63_6dTLpfIDkOTIid0Q9AfiemQNEN5ZW82DycEgAgIw-IgVXR12_e9NVrrboPGXT8o_PESmBMz31VdrxyQJO7X3eW5btBznPcz11AAAA,https://img.58cdn.com.cn/ui9/house/list/lazy_pic.png,1室                        30㎡,"扬舲公寓房产                            
                                                    
                                                                田健",小南路82号楼,田健,998元/月
一室一厅一卫一厨 户型多样，阳光充足 采光好 独立卫浴,https://wz.58.com/zufang/82629710516443x.shtml?compressed_params=H4sIAAAAAAAAA0XLMQ7CMAwAwN9ktuM4TgY_gJkHIAtHtEg0hTRC_B421pNurK7IhVigYIwVmRNjiphySSxh6XO0kytVyZKBIAJRJQhjse32nLbpez7svja3_sffEC4Q3A479_m6NoVgfjk-e9P9C3jV6ft1AAAA,https://img.58cdn.com.cn/ui9/house/list/lazy_pic.png,1室                        30㎡,"扬舲公寓房产                            
                                                    
                                                                田健",小南路82号楼,田健,951元/月
一室一厅一卫一厨 户型多样，阳光充足 采光好 独立卫浴,https://wz.58.com/zufang/82630238098522x.shtml?compressed_params=H4sIAAAAAAAAA0XLPQ7CMAxA4dtkThwbO4MPwMwBkIWj_kg0hTRC3J5uLG_4pNcX11SQE8UkACURIVFGiJgZIMxt9Hp1zYUvAiwZ6Kxg6LNt02vYpp_xtHWpbu2P58EkMbgddmvj_agag_n9-O5V9x-wbrwwdQAAAA==,https://img.58cdn.com.cn/ui9/house/list/lazy_pic.png,1室                        30㎡,"扬舲公寓房产                            
                                                    
                                                                田健",小南路82号楼,田健,998元/月
医院就医租房临时短租月付从优 学院路眼视光医院 医科大学附近,https://wz.58.com/zufang/82726605320667x.shtml?compressed_params=H4sIAAAAAAAAA0XLMQ6DMAwAwN9kdhxsnMEP6NwHVFYdFZBKaEOE-H3Zup50bXaNQBwRkBBzJBoG4TQiCEoKU-2t3FxTlhz5Es6MCTi0ydbXp9uqR3_bMhe3-sdrjCQQ3Ha71_59FoVg_tjPrej2A7NijCd1AAAA,https://img.58cdn.com.cn/ui9/house/list/lazy_pic.png,1室                        38㎡,"币时代房产                            
                                                    
                                                                郭秀琴",湖萃湾,郭秀琴,1000元/月
银泰百货温州世贸中心 月付可短租家电全拎包入住,https://wz.58.com/zufang/83109926584925x.shtml?compressed_params=H4sIAAAAAAAAA0XLMQ7CMAxA0dtkdhxbTgYfgJkDIAtHtJVoCmlU9fZ0Y_1Pv8-usZBEhpgRS2Qm5kQIlAQxTG30enMlSBdL4SyZACT0ydbXZ9iqx3jbMle39o_XIZwhuO12b-P7rArB_LGfW9XtB1IdeQh1AAAA,https://img.58cdn.com.cn/ui9/house/list/lazy_pic.png,1室                        39㎡,蒋明星,马鞍池社区,蒋明星,800元/月
银泰百货温州世贸中心（月付）附近多套房源出租 可短租月付,https://wz.58.com/zufang/83412424795355x.shtml?compressed_params=H4sIAAAAAAAAA0XLMQ7CMAwAwN9kdmPHrgc_gJkHIAtHtEg0hTRC_B421pOur2ETMsyoojnrVAoVACRVZZC0tNHrKYxAWEkkqyAxY-qLb7fn8M3e4-H3tYa3P_6GlBlS-OHnNl7XapA8Lsdnr7Z_AXI2_QJ1AAAA,https://img.58cdn.com.cn/ui9/house/list/lazy_pic.png,1室                        39㎡,陈春蕾,马鞍池社区,陈春蕾,800元/月
月付短租附二医飞霞南路银泰马鞍池人民路带厨房家电齐全拎包入住,https://wz.58.com/zufang/56609494771480x.shtml?compressed_params=H4sIAAAAAAAAA0XLPQ6DMAxA4dtkNnZ-8OADMPcAlVVHBSQIECLE7cvW9el7dTLpKEJPnBiRuxB8ACDPzBGSG0ureTAhwkdQ9BHZAyZXR12_e9NVrrboPGXT8o_PkUIPzvTUV2nHJws4tfd5b1m2H1j0iYp1AAAA,https://img.58cdn.com.cn/ui9/house/list/lazy_pic.png,1室                        30㎡,"币时代房产                            
                                                    
                                                                徐章华","蒲鞋市68,76弄小区",徐章华,950元/月
招贤小区 1室1厅1卫,https://wz.58.com/zufang/83185148641501x.shtml?compressed_params=H4sIAAAAAAAAA0XLOw7CMAwA0NtkdvwhzuADMHMAZJGoH4mmkEaI29ON9UmvL8ViVElZKSPmKMKckKKAXIjC3Eav12IMnPQURciATKHPvk2v4Zt9xtPXpRZvfzxHEoVQ_PBbG-9HNQhe7sd3r7b_APIeK1N1AAAA,https://pic8.58cdn.com.cn/house/image/publish/house/image/publish/n_v33d68a3a9848a4673b0f407d10f8eb46b.jpg?w=240&h=180&ss=1&crop=1&cpos=middle&t=1&srotate=1,1室                        25㎡,,招贤小区,,980元/月
自己房子 水心五马周边 电梯公寓 温馨复式 欢迎入住,https://wz.58.com/zufang/60483447797778x.shtml?compressed_params=H4sIAAAAAAAAA0XLMQ7CMAxA0dtkTuo4tgcfgJkDIAtHtEg0hTSquD3d-OOTfl9cE7EA0HQmCTFnzJInYiwc5jZ6vbgCJ2GQAiASC6XQZ1sf72GrHuNlz6W6tT-eByHH4LbbtY3PvWoM5rf9u1XdfgzTX_l1AAAA,https://pic3.58cdn.com.cn/anjuke_58/a451521a31adbeba401d8315efb6aae9?w=240&h=180&ss=1&crop=1&cpos=middle&w=240&h=180&crop=1&t=1&srotate=1,1室                        18㎡,"扬舲公寓房产                            
                                                    
                                                                田健",鹿城路34-36号楼,田健,998元/月
自己房子 五马周边 电梯公寓 独门独户 24小时管家服务,https://wz.58.com/zufang/60514731170714x.shtml?compressed_params=H4sIAAAAAAAAA0XLOw7CMAwA0Ntkjp0YO4MPwMwBkIWjfiSaQhpV3B421ie9vrgCSSKOAogFiDJBRsgXycRhbqPXq2sSTJJTiSRIXDj02bbpNWzTczxtXapb--NvMEkMbofd2ng_qsZgfj8-e9X9C-PJHjp1AAAA,https://img.58cdn.com.cn/ui9/house/list/lazy_pic.png,1室                        19㎡,"扬舲公寓房产                            
                                                    
                                                                田健",温州大厦,田健,999元/月
自己房子，押一付一，电梯房，管家服务，拎包入住。,https://wz.58.com/zufang/59972845280691x.shtml?compressed_params=H4sIAAAAAAAAA0XLMQrDMAxA0dt4tiSrtgcdoHMOEERlmhQaJ3FM6e3rrdOHB7-tJgCJY06UETMwhxCRgD3fiNxSeyt3E4rDEzIABhxxbdHteXTd5NPf-lqLaf3jOCIn70wvnWo_H0W8U5uv715k_wFuGZYEdQAAAA==,https://img.58cdn.com.cn/ui9/house/list/lazy_pic.png,1室                        18㎡,"扬舲公寓房产                            
                                                    
                                                                田健",鹿城路34-36号楼,田健,950元/月
自己房子出租 不要中介费 没有隐形消费 绝不坑人,https://wz.58.com/zufang/59960946001829x.shtml?compressed_params=H4sIAAAAAAAAA0XLPQ7DIAxA4dswE7BjPPgAnXuAyopRfqSGtARFvX3Z8sZPenU1GShxjBR6PCACIDAESjgmt5RW88MkEgZGBh-JAcC7uug-f5rucrW3bms2LTf2gzB5Z3rqs7TvlMU7tdf5O7IcfxMax9h1AAAA,https://pic4.58cdn.com.cn/anjuke_58/4a6ffd11cb00c853e6353607ae5f7ccc?w=240&h=180&ss=1&crop=1&cpos=middle&w=240&h=180&crop=1&t=1&srotate=1,1室                        15㎡,"扬舲公寓房产                            
                                                    
                                                                田健",鹿城路34-36号楼,田健,999元/月
自己房子电梯公寓，温馨复式，拎包入住可以商住俩用，性价比超高,https://wz.58.com/zufang/58558859047973x.shtml?compressed_params=H4sIAAAAAAAAA0WLSQ7DIAwAf8OZxY7h4Af03AdUVo2ySA1pAUX5fblljqOZuio7iikE8oPkEAEQEniKOEWzlF7zQzkgBUjeE9jJjszURfb522Xns39kW7NKueU4CKM1Kk2epf_ema0RfbXryHz8AVHi-TZ1AAAA,https://pic8.58cdn.com.cn/anjuke_58/11b1bdbdcaece09e4356e9b6778f25b2?w=240&h=180&ss=1&crop=1&cpos=middle&w=240&h=180&crop=1&t=1&srotate=1,1室                        18㎡,"扬舲公寓房产                            
                                                    
                                                                田健",鹿城路34-36号楼,田健,998元/月
